{"type":"FeatureCollection","features":[{"type":"Feature","geometry":{"type":"Polygon","coordinates":[[[73.5066,4.1799],[73.507,4.18],[73.5068,4.1808],[73.5068,4.1808],[73.5068,4.1808],[73.5068,4.1809],[73.5068,4.1809],[73.5068,4.1809],[73.5068,4.1809],[73.5084,4.181],[73.5084,4.181],[73.5084,4.181],[73.5084,4.181],[73.5084,4.181],[73.5084,4.181],[73.5084,4.181],[73.5083,4.1809],[73.5073,4.1808],[73.5072,4.1806],[73.5075,4.1796],[73.509,4.1802],[73.5091,4.1802],[73.5091,4.1802],[73.5091,4.1802],[73.5092,4.1802],[73.5096,4.1802],[73.5098,4.1807],[73.5087,4.181],[73.5087,4.181],[73.5087,4.181],[73.5087,4.181],[73.5086,4.181],[73.5086,4.181],[73.5086,4.181],[73.5086,4.181],[73.5086,4.1811],[73.5086,4.1811],[73.5087,4.1811],[73.5087,4.1811],[73.5087,4.1811],[73.5087,4.181],[73.511,4.1803],[73.511,4.1803],[73.5111,4.1803],[73.5111,4.1803],[73.5111,4.1803],[73.5111,4.1803],[73.5111,4.1803],[73.5111,4.1802],[73.5111,4.1802],[73.511,4.1803],[73.511,4.1803],[73.511,4.1803],[73.511,4.1803],[73.5101,4.1806],[73.5101,4.1805],[73.5102,4.1805],[73.51,4.18],[73.5105,4.1796],[73.5109,4.1795],[73.511,4.1795],[73.5114,4.1794],[73.5115,4.1793],[73.5116,4.1793],[73.5124,4.179],[73.5133,4.1788],[73.5133,4.1788],[73.5141,4.1786],[73.5141,4.1786],[73.5154,4.1782],[73.5156,4.1786],[73.5148,4.1789],[73.5148,4.1788],[73.5147,4.1788],[73.5147,4.1788],[73.5147,4.1789],[73.5147,4.1789],[73.5147,4.1789],[73.5147,4.1789],[73.5147,4.1789],[73.5148,4.1789],[73.5148,4.1789],[73.5148,4.1789],[73.5148,4.1789],[73.5156,4.1787],[73.5156,4.1787],[73.5159,4.1786],[73.5159,4.1786],[73.5164,4.1784],[73.5164,4.1784],[73.5164,4.1784],[73.5164,4.1784],[73.5164,4.1784],[73.5164,4.1784],[73.5164,4.1784],[73.5164,4.1784],[73.5164,4.1784],[73.5164,4.1784],[73.5164,4.1784],[73.5164,4.1784],[73.5164,4.1784],[73.5164,4.1784],[73.5164,4.1784],[73.5159,4.1785],[73.5159,4.1784],[73.5158,4.1783],[73.5158,4.1781],[73.5166,4.1779],[73.5171,4.1781],[73.5168,4.1782],[73.5168,4.1782],[73.5167,4.1782],[73.5167,4.1782],[73.5167,4.1782],[73.5167,4.1782],[73.5167,4.1782],[73.5167,4.1783],[73.5167,4.1783],[73.5167,4.1783],[73.5167,4.1783],[73.5166,4.1783],[73.5166,4.1783],[73.5167,4.1783],[73.5167,4.1784],[73.5167,4.1784],[73.5167,4.1784],[73.5167,4.1783],[73.5167,4.1783],[73.5167,4.1783],[73.5167,4.1783],[73.5168,4.1782],[73.5168,4.1782],[73.5168,4.1782],[73.5168,4.1782],[73.5168,4.1782],[73.5168,4.1782],[73.5175,4.178],[73.5179,4.1779],[73.518,4.1779],[73.5183,4.1777],[73.5185,4.1776],[73.5186,4.1774],[73.5188,4.1772],[73.5189,4.177],[73.519,4.1768],[73.519,4.1765],[73.519,4.1765],[73.5191,4.1765],[73.5191,4.1765],[73.5191,4.1765],[73.5192,4.1765],[73.5192,4.1765],[73.5193,4.1765],[73.5193,4.1765],[73.5193,4.1765],[73.5194,4.1764],[73.5194,4.1764],[73.5193,4.1764],[73.5193,4.1764],[73.5193,4.1763],[73.5193,4.1763],[73.5192,4.1763],[73.5192,4.1763],[73.5192,4.1763],[73.5192,4.1762],[73.5191,4.1762],[73.5191,4.1762],[73.5191,4.1762],[73.5191,4.1762],[73.5191,4.1761],[73.519,4.1755],[73.519,4.1752],[73.519,4.1751],[73.5189,4.1751],[73.5189,4.1751],[73.5189,4.1751],[73.5189,4.1751],[73.5189,4.1747],[73.5188,4.1745],[73.5188,4.1745],[73.5188,4.1745],[73.5188,4.1745],[73.5188,4.1745],[73.5188,4.1745],[73.5188,4.1745],[73.5188,4.1746],[73.5188,4.1747],[73.5187,4.1747],[73.5187,4.1747],[73.5187,4.1747],[73.5186,4.1746],[73.5185,4.1746],[73.5184,4.1745],[73.5184,4.1745],[73.5184,4.1744],[73.5183,4.1744],[73.5183,4.1744],[73.5183,4.1743],[73.5183,4.1743],[73.5183,4.1742],[73.5183,4.1741],[73.5184,4.174],[73.5184,4.1739],[73.5184,4.1739],[73.5184,4.1739],[73.5184,4.1738],[73.5185,4.1738],[73.5185,4.1738],[73.5186,4.1738],[73.5186,4.1738],[73.5186,4.1738],[73.5186,4.1738],[73.5186,4.1738],[73.5187,4.1738],[73.5187,4.1738],[73.5187,4.1739],[73.5187,4.1739],[73.5187,4.1739],[73.5187,4.1739],[73.5187,4.1739],[73.5187,4.1739],[73.5187,4.174],[73.5188,4.174],[73.5188,4.1739],[73.5188,4.1739],[73.5188,4.1739],[73.5187,4.1734],[73.5187,4.1734],[73.5187,4.1733],[73.5187,4.1733],[73.5186,4.1733],[73.5185,4.1733],[73.5184,4.1732],[73.5183,4.1731],[73.5181,4.173],[73.5181,4.173],[73.5181,4.173],[73.518,4.1729],[73.518,4.1727],[73.5179,4.1726],[73.5178,4.1722],[73.5177,4.1719],[73.5177,4.1717],[73.5177,4.1715],[73.5177,4.1713],[73.5177,4.1713],[73.5177,4.1712],[73.5177,4.1712],[73.5177,4.1712],[73.5177,4.1712],[73.5178,4.1712],[73.5178,4.1712],[73.5178,4.1712],[73.5178,4.1709],[73.5178,4.1709],[73.5178,4.1709],[73.5178,4.1708],[73.5178,4.1708],[73.5178,4.1707],[73.5178,4.1707],[73.5178,4.1706],[73.5178,4.1706],[73.5174,4.1703],[73.5173,4.1703],[73.5173,4.1703],[73.5172,4.1702],[73.5171,4.1702],[73.5169,4.1701],[73.5168,4.1701],[73.5166,4.17],[73.5154,4.1697],[73.5144,4.1695],[73.5144,4.1694],[73.5144,4.1695],[73.5144,4.1695],[73.5143,4.1695],[73.5143,4.1695],[73.5143,4.1695],[73.5143,4.1695],[73.5142,4.1696],[73.5142,4.1696],[73.5142,4.1696],[73.5141,4.1696],[73.5141,4.1696],[73.514,4.1697],[73.514,4.1697],[73.5139,4.1697],[73.5139,4.1697],[73.5139,4.1696],[73.5139,4.1696],[73.5138,4.1696],[73.5138,4.1696],[73.5138,4.1696],[73.5138,4.1696],[73.5138,4.1696],[73.5138,4.1696],[73.5137,4.1696],[73.5137,4.1696],[73.5136,4.1696],[73.5136,4.1696],[73.5136,4.1696],[73.5136,4.1696],[73.5135,4.1697],[73.5135,4.1697],[73.5126,4.1695],[73.5127,4.1691],[73.5126,4.1691],[73.5126,4.1695],[73.511,4.1693],[73.5106,4.1692],[73.5106,4.1692],[73.5106,4.1692],[73.5104,4.1692],[73.5057,4.1693],[73.5056,4.1689],[73.5057,4.1689],[73.5057,4.1689],[73.5057,4.1688],[73.5057,4.1688],[73.5058,4.1688],[73.5058,4.1688],[73.5059,4.1689],[73.5059,4.1689],[73.506,4.1689],[73.5061,4.1689],[73.5061,4.1689],[73.5063,4.1689],[73.5064,4.1689],[73.5065,4.1689],[73.5065,4.1688],[73.5066,4.1688],[73.5067,4.1688],[73.5067,4.1688],[73.5068,4.1688],[73.5068,4.1688],[73.5068,4.1688],[73.5068,4.1689],[73.5068,4.1689],[73.5068,4.1689],[73.5068,4.1689],[73.5068,4.1689],[73.5068,4.1689],[73.5068,4.1688],[73.5068,4.1688],[73.5068,4.1688],[73.5068,4.1686],[73.5068,4.1685],[73.5067,4.1685],[73.5067,4.1684],[73.5067,4.1684],[73.5067,4.1684],[73.5067,4.1684],[73.5067,4.1684],[73.5066,4.1684],[73.5066,4.1684],[73.5066,4.1684],[73.5066,4.1684],[73.5067,4.1684],[73.5067,4.1684],[73.5067,4.1685],[73.5067,4.1685],[73.5067,4.1685],[73.5067,4.1686],[73.5067,4.1686],[73.5067,4.1686],[73.5067,4.1687],[73.5066,4.1687],[73.5066,4.1687],[73.5066,4.1687],[73.5066,4.1687],[73.5065,4.1687],[73.506,4.1687],[73.5059,4.1687],[73.5058,4.1687],[73.5058,4.1687],[73.5058,4.1686],[73.5057,4.1686],[73.5057,4.1686],[73.5056,4.1685],[73.5055,4.1685],[73.5055,4.1684],[73.5054,4.1684],[73.5054,4.1684],[73.5053,4.1684],[73.5046,4.1683],[73.504,4.1683],[73.5027,4.1683],[73.5025,4.1683],[73.5024,4.1683],[73.5023,4.1683],[73.5022,4.1683],[73.5021,4.1683],[73.502,4.1683],[73.5019,4.1683],[73.5018,4.1683],[73.5017,4.1683],[73.5015,4.1684],[73.5013,4.1684],[73.5011,4.1684],[73.501,4.1685],[73.5009,4.1686],[73.5008,4.1686],[73.5007,4.1687],[73.5007,4.1688],[73.5006,4.1689],[73.5006,4.1691],[73.5005,4.1693],[73.5005,4.1694],[73.5005,4.1696],[73.5005,4.1698],[73.5005,4.1699],[73.5005,4.17],[73.5005,4.1701],[73.5005,4.1701],[73.5005,4.1702],[73.5005,4.1702],[73.5005,4.1702],[73.5005,4.1703],[73.5005,4.1703],[73.5005,4.1703],[73.5005,4.1703],[73.5006,4.1704],[73.5005,4.171],[73.5006,4.1712],[73.5006,4.1713],[73.5006,4.1713],[73.5006,4.1713],[73.5006,4.1712],[73.5006,4.1712],[73.5006,4.1709],[73.5007,4.1708],[73.5007,4.1708],[73.5007,4.1708],[73.5007,4.1708],[73.5007,4.1707],[73.5008,4.1704],[73.501,4.1704],[73.501,4.1707],[73.501,4.1707],[73.501,4.1707],[73.501,4.1707],[73.501,4.1707],[73.501,4.1707],[73.501,4.1707],[73.5011,4.1705],[73.5011,4.1704],[73.5012,4.1703],[73.5015,4.1696],[73.5028,4.1696],[73.5029,4.1707],[73.5022,4.1708],[73.5022,4.1711],[73.5029,4.171],[73.503,4.1716],[73.5023,4.1717],[73.5012,4.1718],[73.5011,4.1712],[73.5011,4.1712],[73.5011,4.1712],[73.5011,4.1712],[73.5011,4.1712],[73.501,4.1716],[73.501,4.1717],[73.501,4.1718],[73.501,4.1718],[73.501,4.1718],[73.5007,4.1729],[73.5007,4.1731],[73.5007,4.1732],[73.5007,4.1732],[73.5007,4.1732],[73.5009,4.1737],[73.5009,4.1737],[73.5008,4.1738],[73.5008,4.1738],[73.5008,4.1739],[73.5008,4.1739],[73.5008,4.1739],[73.501,4.1746],[73.5012,4.175],[73.5012,4.175],[73.5012,4.175],[73.5012,4.175],[73.5012,4.175],[73.5012,4.175],[73.501,4.1743],[73.501,4.1743],[73.501,4.1742],[73.501,4.1742],[73.501,4.1742],[73.5011,4.1742],[73.5011,4.1742],[73.5011,4.1742],[73.5011,4.1742],[73.5011,4.1742],[73.5011,4.1742],[73.5012,4.1742],[73.5012,4.1742],[73.5012,4.1743],[73.5013,4.1744],[73.5014,4.1746],[73.5016,4.1748],[73.5016,4.1751],[73.5017,4.1755],[73.5018,4.1757],[73.5018,4.1758],[73.5017,4.1758],[73.5017,4.1759],[73.5017,4.1759],[73.5017,4.1759],[73.5017,4.176],[73.5016,4.176],[73.5016,4.176],[73.5016,4.1759],[73.5015,4.1756],[73.5014,4.1756],[73.5014,4.1756],[73.5014,4.1756],[73.5017,4.1762],[73.5018,4.1765],[73.5019,4.1768],[73.5019,4.1769],[73.502,4.177],[73.502,4.177],[73.5021,4.177],[73.5021,4.177],[73.5021,4.177],[73.5021,4.177],[73.5023,4.1774],[73.5023,4.1775],[73.5024,4.1776],[73.5026,4.1779],[73.5028,4.1782],[73.5032,4.1787],[73.5036,4.1793],[73.5037,4.1793],[73.5037,4.1793],[73.5037,4.1792],[73.5037,4.1792],[73.5037,4.1792],[73.5037,4.1792],[73.5035,4.179],[73.504,4.1785],[73.5047,4.1787],[73.5043,4.1798],[73.5041,4.1797],[73.5041,4.1796],[73.5039,4.1795],[73.5039,4.1795],[73.5039,4.1795],[73.5039,4.1795],[73.5041,4.1797],[73.5043,4.1798],[73.505,4.1802],[73.5051,4.1802],[73.5051,4.1803],[73.5051,4.1803],[73.5052,4.1804],[73.5052,4.1804],[73.5052,4.1804],[73.5051,4.1805],[73.506,4.1809],[73.506,4.1807],[73.5063,4.1809],[73.5064,4.1808],[73.5064,4.1808],[73.5064,4.1808],[73.5064,4.1808],[73.5065,4.1807],[73.5064,4.1807],[73.5064,4.1807],[73.5064,4.1807],[73.5063,4.1806],[73.5066,4.1799]]]},"properties":{"islandName":"Malé","atoll":"MLE","capital":"Y","Area_ha":208.033728722,"slug":"male"}},{"type":"Feature","geometry":{"type":"MultiPolygon","coordinates":[[[[73.5328,4.2199],[73.5328,4.2199],[73.5328,4.2199],[73.5321,4.2202],[73.5321,4.2202],[73.5321,4.2202],[73.5321,4.2202],[73.5321,4.2203],[73.5325,4.2212],[73.5332,4.2232],[73.5346,4.2266],[73.5346,4.2266],[73.5346,4.2266],[73.5347,4.2266],[73.5352,4.2263],[73.5353,4.2263],[73.5353,4.2263],[73.5353,4.2263],[73.5352,4.2263],[73.5352,4.2263],[73.5352,4.2262],[73.5352,4.2262],[73.5352,4.2262],[73.5352,4.2262],[73.5352,4.2262],[73.5352,4.2262],[73.5351,4.2261],[73.5351,4.226],[73.535,4.2259],[73.5349,4.2258],[73.5349,4.2257],[73.5349,4.2256],[73.5348,4.2256],[73.5348,4.2256],[73.5348,4.2255],[73.5348,4.2255],[73.5348,4.2255],[73.5348,4.2254],[73.5348,4.2254],[73.5348,4.2254],[73.5348,4.2254],[73.5348,4.2253],[73.5347,4.2252],[73.5347,4.2251],[73.5347,4.2251],[73.5347,4.2251],[73.5347,4.2251],[73.5347,4.225],[73.5347,4.225],[73.5347,4.225],[73.5347,4.225],[73.5347,4.225],[73.5347,4.225],[73.5346,4.2249],[73.5346,4.2249],[73.5346,4.2249],[73.5346,4.2249],[73.5345,4.2248],[73.5344,4.2246],[73.5344,4.2245],[73.5343,4.2244],[73.5343,4.2243],[73.5342,4.2242],[73.5341,4.224],[73.5341,4.2239],[73.534,4.2236],[73.5338,4.2233],[73.5338,4.2232],[73.5338,4.2231],[73.5337,4.223],[73.5337,4.2228],[73.5336,4.2226],[73.5335,4.2223],[73.5335,4.2222],[73.5334,4.2221],[73.5334,4.2221],[73.5333,4.222],[73.5333,4.2219],[73.5333,4.2218],[73.5332,4.2216],[73.5332,4.2215],[73.5332,4.2214],[73.5331,4.2213],[73.5331,4.2212],[73.533,4.221],[73.533,4.2209],[73.533,4.2208],[73.533,4.2208],[73.533,4.2207],[73.533,4.2207],[73.533,4.2207],[73.533,4.2207],[73.533,4.2206],[73.533,4.2206],[73.5329,4.2205],[73.5328,4.2204],[73.5328,4.2203],[73.5328,4.2203],[73.5328,4.2203],[73.5328,4.2203],[73.5328,4.2203],[73.5328,4.2202],[73.5328,4.2202],[73.5329,4.2202],[73.5328,4.2199],[73.5328,4.2199]]],[[[73.537,4.2296],[73.537,4.2296],[73.537,4.2296],[73.537,4.2296],[73.537,4.2295],[73.537,4.2295],[73.537,4.2295],[73.537,4.2295],[73.5369,4.2296],[73.5369,4.2296],[73.5369,4.2296],[73.5369,4.2296],[73.5368,4.2295],[73.5368,4.2293],[73.5367,4.2293],[73.5367,4.2292],[73.5367,4.2292],[73.5366,4.2291],[73.5366,4.229],[73.5365,4.2288],[73.5364,4.2288],[73.5364,4.2286],[73.5363,4.2285],[73.5363,4.2284],[73.5362,4.2282],[73.5361,4.2281],[73.5361,4.228],[73.536,4.2278],[73.536,4.2277],[73.536,4.2277],[73.5359,4.2276],[73.5359,4.2276],[73.5359,4.2275],[73.5358,4.2275],[73.5358,4.2274],[73.5358,4.2274],[73.5357,4.2274],[73.5352,4.2276],[73.5352,4.2276],[73.5351,4.2277],[73.5352,4.2278],[73.536,4.2297],[73.5369,4.2316],[73.5377,4.2332],[73.5388,4.2353],[73.5388,4.2354],[73.5389,4.2354],[73.5389,4.2354],[73.539,4.2353],[73.5394,4.2348],[73.5394,4.2348],[73.5394,4.2348],[73.5394,4.2348],[73.5394,4.2348],[73.5394,4.2347],[73.5394,4.2347],[73.5394,4.2346],[73.5393,4.2345],[73.5391,4.2342],[73.539,4.2341],[73.5389,4.2338],[73.5386,4.2333],[73.5385,4.2332],[73.5384,4.2329],[73.5383,4.2329],[73.5383,4.2328],[73.5383,4.2327],[73.5382,4.2327],[73.5382,4.2326],[73.5381,4.2325],[73.538,4.2323],[73.5379,4.2322],[73.5379,4.232],[73.5378,4.2319],[73.5378,4.2318],[73.5377,4.2317],[73.5377,4.2315],[73.5376,4.2315],[73.5376,4.2314],[73.5376,4.2314],[73.5376,4.2313],[73.5376,4.2313],[73.5375,4.2312],[73.5374,4.2309],[73.5374,4.2309],[73.5372,4.2305],[73.5371,4.2303],[73.5371,4.2302],[73.537,4.2301],[73.537,4.23],[73.537,4.2299],[73.5369,4.2298],[73.5369,4.2297],[73.5369,4.2297],[73.5369,4.2297],[73.5369,4.2297],[73.5369,4.2296],[73.537,4.2296],[73.537,4.2296]]],[[[73.5517,4.2364],[73.5517,4.2362],[73.5517,4.236],[73.5516,4.2357],[73.5515,4.2352],[73.5514,4.2348],[73.5513,4.2344],[73.5513,4.2343],[73.5512,4.2339],[73.5511,4.2336],[73.5509,4.2332],[73.5508,4.2328],[73.5506,4.2324],[73.5504,4.2318],[73.5502,4.2312],[73.55,4.2307],[73.5496,4.2297],[73.5493,4.229],[73.5489,4.2279],[73.5487,4.2271],[73.5486,4.2268],[73.5483,4.226],[73.548,4.225],[73.5479,4.2244],[73.5476,4.2235],[73.5475,4.223],[73.5473,4.2225],[73.5472,4.2222],[73.547,4.2218],[73.547,4.2217],[73.547,4.2217],[73.5469,4.2217],[73.5469,4.2216],[73.5468,4.2216],[73.5468,4.2216],[73.5467,4.2217],[73.5467,4.2216],[73.5467,4.2216],[73.5467,4.2215],[73.5466,4.2214],[73.5466,4.2213],[73.5466,4.2212],[73.5466,4.2212],[73.5467,4.2212],[73.5467,4.2211],[73.5467,4.2211],[73.5468,4.2211],[73.5468,4.2211],[73.5468,4.221],[73.5468,4.221],[73.5467,4.2209],[73.5467,4.2208],[73.5467,4.2207],[73.5467,4.2205],[73.5466,4.2202],[73.5466,4.2201],[73.5466,4.2199],[73.5465,4.2198],[73.5465,4.2197],[73.5465,4.2196],[73.5465,4.2196],[73.5465,4.2195],[73.5465,4.2194],[73.5464,4.2191],[73.5463,4.2187],[73.5462,4.2184],[73.5461,4.2177],[73.546,4.2173],[73.5458,4.2168],[73.5457,4.2164],[73.5456,4.216],[73.5455,4.2156],[73.5454,4.2152],[73.5453,4.2147],[73.5453,4.2147],[73.5452,4.2145],[73.5452,4.2145],[73.5451,4.2142],[73.5451,4.2142],[73.5451,4.2141],[73.5451,4.2139],[73.545,4.2138],[73.545,4.2136],[73.5449,4.2133],[73.5448,4.2131],[73.5448,4.213],[73.5448,4.213],[73.5447,4.2127],[73.5446,4.2126],[73.5446,4.2124],[73.5445,4.2123],[73.5445,4.2122],[73.5444,4.2119],[73.5444,4.2117],[73.544,4.2105],[73.5437,4.2096],[73.5434,4.2088],[73.5431,4.208],[73.5429,4.2073],[73.5426,4.2063],[73.5426,4.2062],[73.5426,4.2062],[73.5425,4.2061],[73.5425,4.2061],[73.5425,4.206],[73.5425,4.206],[73.5425,4.2059],[73.5425,4.2059],[73.5426,4.2058],[73.5426,4.2058],[73.5425,4.2057],[73.5425,4.2057],[73.5425,4.2056],[73.5424,4.2056],[73.5424,4.2056],[73.5423,4.2055],[73.5423,4.2055],[73.5423,4.2054],[73.5422,4.2054],[73.5422,4.2053],[73.5422,4.2052],[73.5422,4.2052],[73.5422,4.2052],[73.5422,4.2052],[73.5422,4.2052],[73.5422,4.2051],[73.5422,4.2051],[73.5422,4.205],[73.5421,4.2049],[73.5418,4.2041],[73.5415,4.2032],[73.5415,4.203],[73.5414,4.2026],[73.5412,4.2021],[73.541,4.2014],[73.5408,4.2008],[73.5402,4.2008],[73.5402,4.2008],[73.5402,4.2009],[73.5402,4.2009],[73.5359,4.2062],[73.5359,4.2062],[73.5359,4.2062],[73.5359,4.2062],[73.5359,4.2063],[73.5359,4.2063],[73.5359,4.2063],[73.5358,4.2065],[73.5357,4.2066],[73.5356,4.2067],[73.5356,4.2067],[73.5356,4.2067],[73.5355,4.2068],[73.5355,4.2067],[73.5355,4.2068],[73.5355,4.2068],[73.5355,4.2068],[73.5354,4.2068],[73.5354,4.2068],[73.5354,4.2069],[73.5354,4.2069],[73.5354,4.2069],[73.5354,4.2069],[73.5354,4.207],[73.5354,4.207],[73.5354,4.207],[73.5354,4.207],[73.5354,4.2069],[73.5354,4.2069],[73.5353,4.2069],[73.5353,4.2069],[73.5353,4.2069],[73.5352,4.2069],[73.5352,4.2069],[73.5352,4.207],[73.5352,4.207],[73.5352,4.2071],[73.5351,4.2071],[73.5351,4.2072],[73.535,4.2073],[73.535,4.2073],[73.535,4.2074],[73.535,4.2074],[73.535,4.2074],[73.5349,4.2075],[73.5349,4.2075],[73.5348,4.2077],[73.5346,4.2079],[73.5346,4.2079],[73.5346,4.2079],[73.5346,4.208],[73.5347,4.208],[73.5348,4.2082],[73.5347,4.2083],[73.535,4.2091],[73.535,4.2093],[73.5353,4.2103],[73.5353,4.2105],[73.5355,4.2105],[73.5356,4.2109],[73.5355,4.2109],[73.5357,4.2117],[73.5358,4.212],[73.5352,4.2122],[73.5357,4.2138],[73.536,4.2137],[73.5364,4.2152],[73.5366,4.2151],[73.5368,4.2157],[73.5374,4.2178],[73.5383,4.2211],[73.5387,4.2226],[73.5388,4.223],[73.539,4.2234],[73.539,4.2234],[73.539,4.2234],[73.5391,4.2234],[73.5392,4.2234],[73.5393,4.2234],[73.5393,4.2234],[73.5395,4.2234],[73.5395,4.2234],[73.5395,4.2234],[73.5395,4.2234],[73.5396,4.2235],[73.5396,4.2236],[73.5396,4.2237],[73.5397,4.2238],[73.5397,4.2239],[73.5397,4.2239],[73.5397,4.224],[73.5397,4.2241],[73.5398,4.2242],[73.5398,4.2243],[73.5398,4.2244],[73.5398,4.2245],[73.5398,4.2246],[73.5398,4.2247],[73.5398,4.2249],[73.5399,4.2251],[73.5399,4.2252],[73.5399,4.2256],[73.5399,4.2257],[73.5399,4.2259],[73.5399,4.2264],[73.54,4.227],[73.54,4.2271],[73.54,4.2272],[73.5399,4.2273],[73.5399,4.2273],[73.5399,4.2274],[73.5398,4.2275],[73.5398,4.2275],[73.5397,4.2275],[73.5397,4.2276],[73.5398,4.2276],[73.5398,4.2278],[73.5399,4.2278],[73.5399,4.2278],[73.54,4.2277],[73.5401,4.2277],[73.5402,4.2277],[73.5402,4.2277],[73.5403,4.2277],[73.5403,4.2277],[73.5404,4.2278],[73.5404,4.2279],[73.5405,4.228],[73.5406,4.2281],[73.5406,4.2282],[73.5407,4.2283],[73.5407,4.2283],[73.5407,4.2283],[73.5408,4.2284],[73.5408,4.2284],[73.5408,4.2284],[73.5408,4.2284],[73.5409,4.2284],[73.5409,4.2284],[73.5409,4.2284],[73.5409,4.2284],[73.5409,4.2284],[73.541,4.2284],[73.541,4.2284],[73.541,4.2285],[73.541,4.2285],[73.541,4.2286],[73.5411,4.2286],[73.5412,4.2287],[73.5412,4.2287],[73.5413,4.2288],[73.5414,4.2289],[73.5415,4.2289],[73.5415,4.2289],[73.5416,4.229],[73.5416,4.229],[73.5416,4.229],[73.5417,4.229],[73.5417,4.229],[73.5417,4.2289],[73.5418,4.2289],[73.5418,4.2289],[73.5418,4.2289],[73.5418,4.2289],[73.5418,4.2289],[73.5418,4.2288],[73.5417,4.2288],[73.5417,4.2288],[73.5416,4.2288],[73.5416,4.2287],[73.5415,4.2286],[73.5414,4.2286],[73.5413,4.2286],[73.5412,4.2285],[73.5412,4.2285],[73.5412,4.2285],[73.5411,4.2285],[73.5411,4.2285],[73.5411,4.2285],[73.5411,4.2285],[73.5411,4.2285],[73.5411,4.2285],[73.5411,4.2284],[73.5411,4.2284],[73.5411,4.2284],[73.5411,4.2283],[73.5411,4.2283],[73.5411,4.2283],[73.5411,4.2283],[73.5411,4.2283],[73.541,4.2283],[73.541,4.2283],[73.541,4.2283],[73.541,4.2283],[73.541,4.2283],[73.541,4.2283],[73.541,4.2283],[73.541,4.2283],[73.541,4.2283],[73.5409,4.2283],[73.5409,4.2283],[73.5409,4.2283],[73.5409,4.2283],[73.5409,4.2283],[73.5409,4.2283],[73.5409,4.2283],[73.5408,4.2283],[73.5408,4.2283],[73.5408,4.2283],[73.5408,4.2283],[73.5408,4.2283],[73.5408,4.2283],[73.5408,4.2282],[73.5408,4.2282],[73.5408,4.2282],[73.5408,4.2282],[73.5409,4.2282],[73.5409,4.2281],[73.541,4.2281],[73.541,4.2281],[73.5411,4.2281],[73.5412,4.228],[73.5412,4.228],[73.5413,4.228],[73.5414,4.228],[73.5414,4.228],[73.5414,4.228],[73.5415,4.228],[73.5417,4.228],[73.5417,4.228],[73.5418,4.228],[73.5418,4.228],[73.5418,4.228],[73.5419,4.228],[73.5419,4.228],[73.542,4.228],[73.542,4.228],[73.5421,4.228],[73.5421,4.228],[73.5421,4.228],[73.5421,4.228],[73.5422,4.2279],[73.5422,4.2279],[73.5422,4.228],[73.5423,4.228],[73.5423,4.228],[73.5423,4.228],[73.5423,4.228],[73.5423,4.228],[73.5423,4.228],[73.5424,4.2281],[73.5424,4.2281],[73.5424,4.2281],[73.5424,4.2282],[73.5424,4.2282],[73.5424,4.2283],[73.5423,4.2283],[73.5423,4.2283],[73.5422,4.2284],[73.5422,4.2284],[73.5422,4.2284],[73.5421,4.2284],[73.5421,4.2284],[73.5421,4.2284],[73.542,4.2284],[73.542,4.2284],[73.542,4.2284],[73.542,4.2284],[73.542,4.2284],[73.5419,4.2284],[73.5419,4.2284],[73.5419,4.2284],[73.5419,4.2284],[73.5419,4.2284],[73.5418,4.2284],[73.5418,4.2284],[73.5418,4.2284],[73.5418,4.2284],[73.5418,4.2284],[73.5418,4.2284],[73.5417,4.2284],[73.5417,4.2285],[73.5418,4.2285],[73.5418,4.2287],[73.5418,4.2287],[73.5418,4.2287],[73.5418,4.2287],[73.5418,4.2287],[73.5417,4.2287],[73.5417,4.2287],[73.5417,4.2287],[73.5417,4.2287],[73.5417,4.2287],[73.5417,4.2288],[73.5418,4.2288],[73.5418,4.2287],[73.5418,4.2287],[73.5418,4.2287],[73.5418,4.2288],[73.5419,4.2287],[73.5419,4.2289],[73.5419,4.2289],[73.5419,4.2289],[73.5419,4.2289],[73.5419,4.2289],[73.5419,4.2289],[73.5419,4.2289],[73.5418,4.2289],[73.5418,4.2289],[73.5418,4.2289],[73.5418,4.2289],[73.5418,4.2289],[73.5418,4.2289],[73.5418,4.229],[73.5418,4.229],[73.5418,4.229],[73.5418,4.2291],[73.5418,4.2291],[73.5418,4.2291],[73.5419,4.2291],[73.5419,4.2291],[73.542,4.2292],[73.542,4.2292],[73.542,4.2292],[73.542,4.2292],[73.542,4.2293],[73.5421,4.2294],[73.5422,4.2295],[73.5422,4.2296],[73.5422,4.2296],[73.5423,4.2297],[73.5423,4.2297],[73.5424,4.23],[73.5425,4.2303],[73.5426,4.2304],[73.5426,4.2304],[73.5426,4.2305],[73.5426,4.2305],[73.5427,4.2307],[73.5426,4.2308],[73.5426,4.2307],[73.5426,4.2307],[73.5425,4.2305],[73.5423,4.2306],[73.5424,4.2308],[73.5425,4.2307],[73.5425,4.2308],[73.5423,4.2309],[73.5423,4.2309],[73.5422,4.2309],[73.5422,4.231],[73.5423,4.231],[73.5423,4.231],[73.5423,4.2309],[73.5425,4.2312],[73.5424,4.2312],[73.5426,4.2314],[73.5427,4.2313],[73.5426,4.2311],[73.5427,4.2311],[73.5427,4.2311],[73.5428,4.2311],[73.5428,4.231],[73.5429,4.231],[73.5429,4.231],[73.5429,4.231],[73.5429,4.2311],[73.5431,4.231],[73.5431,4.2311],[73.5432,4.2311],[73.5432,4.2312],[73.5433,4.2312],[73.5433,4.2312],[73.5433,4.2313],[73.5433,4.2313],[73.5433,4.2313],[73.5434,4.2313],[73.5434,4.2313],[73.5434,4.2313],[73.5434,4.2313],[73.5434,4.2314],[73.5434,4.2314],[73.5434,4.2314],[73.5435,4.2314],[73.5435,4.2315],[73.5435,4.2316],[73.5435,4.2317],[73.5435,4.2318],[73.5435,4.2319],[73.5435,4.232],[73.5434,4.2321],[73.5434,4.2322],[73.5434,4.2322],[73.5433,4.2323],[73.5432,4.2324],[73.5431,4.2325],[73.5431,4.2325],[73.543,4.2325],[73.543,4.2325],[73.543,4.2325],[73.5429,4.2325],[73.5429,4.2326],[73.5427,4.2327],[73.5427,4.2327],[73.5427,4.2327],[73.5427,4.2327],[73.5427,4.2327],[73.5427,4.2327],[73.5426,4.2328],[73.5426,4.2328],[73.5425,4.2329],[73.5425,4.2329],[73.5425,4.2329],[73.5425,4.2329],[73.5425,4.233],[73.5425,4.2331],[73.5425,4.2331],[73.5425,4.2332],[73.5425,4.2332],[73.5425,4.2333],[73.5425,4.2333],[73.5426,4.2334],[73.5426,4.2334],[73.5426,4.2334],[73.5426,4.2334],[73.5426,4.2334],[73.5426,4.2334],[73.5426,4.2334],[73.5426,4.2335],[73.5426,4.2336],[73.5426,4.2336],[73.5426,4.2336],[73.5426,4.2336],[73.5425,4.2336],[73.5425,4.2339],[73.5426,4.2339],[73.5426,4.2339],[73.5426,4.234],[73.5426,4.234],[73.5426,4.234],[73.5426,4.2341],[73.5425,4.2342],[73.5425,4.2343],[73.5424,4.2344],[73.5424,4.2344],[73.5423,4.2345],[73.5423,4.2346],[73.5423,4.2346],[73.5423,4.2346],[73.5422,4.2346],[73.5422,4.2347],[73.5422,4.2346],[73.5422,4.2346],[73.5421,4.2346],[73.5421,4.2346],[73.542,4.2349],[73.5419,4.2349],[73.542,4.235],[73.542,4.235],[73.542,4.235],[73.542,4.235],[73.542,4.235],[73.542,4.2351],[73.542,4.2351],[73.542,4.2351],[73.542,4.2351],[73.542,4.2351],[73.542,4.2351],[73.542,4.2351],[73.542,4.2352],[73.542,4.2352],[73.5419,4.2352],[73.5419,4.2352],[73.5419,4.2352],[73.5419,4.2352],[73.5418,4.2352],[73.5418,4.2352],[73.5418,4.2352],[73.5418,4.2352],[73.5418,4.2352],[73.5418,4.2352],[73.5418,4.2352],[73.5417,4.2352],[73.5417,4.2352],[73.5417,4.2352],[73.5417,4.2352],[73.5417,4.2352],[73.5417,4.2352],[73.5416,4.2353],[73.5416,4.2353],[73.5416,4.2353],[73.5416,4.2353],[73.5416,4.2353],[73.5416,4.2354],[73.5416,4.2354],[73.5416,4.2354],[73.5416,4.2354],[73.5416,4.2354],[73.5416,4.2355],[73.5417,4.2355],[73.5417,4.2355],[73.5417,4.2355],[73.5416,4.2356],[73.5416,4.2356],[73.5416,4.2356],[73.5416,4.2356],[73.5416,4.2356],[73.5416,4.2356],[73.5416,4.2356],[73.5415,4.2357],[73.5415,4.2357],[73.5415,4.2357],[73.5414,4.2357],[73.5414,4.2357],[73.5414,4.2357],[73.5413,4.2358],[73.5413,4.2358],[73.5413,4.2358],[73.5412,4.2358],[73.5412,4.2358],[73.5412,4.2358],[73.5411,4.2358],[73.541,4.2358],[73.541,4.2358],[73.5408,4.2357],[73.5407,4.2357],[73.5406,4.2357],[73.5405,4.2356],[73.5404,4.2356],[73.5404,4.2356],[73.5403,4.2356],[73.5403,4.2356],[73.5403,4.2355],[73.5403,4.2355],[73.5403,4.2355],[73.5403,4.2354],[73.5403,4.2354],[73.5403,4.2353],[73.5403,4.2353],[73.5403,4.2353],[73.5403,4.2353],[73.5403,4.2352],[73.5404,4.2352],[73.5404,4.2352],[73.5404,4.2351],[73.5404,4.2351],[73.5404,4.2351],[73.5404,4.235],[73.5404,4.235],[73.5404,4.235],[73.5404,4.2349],[73.5405,4.2349],[73.5405,4.2349],[73.5405,4.2348],[73.5405,4.2348],[73.5405,4.2348],[73.5405,4.2348],[73.5404,4.2348],[73.5404,4.2348],[73.5404,4.2348],[73.5404,4.2348],[73.5404,4.2348],[73.5404,4.2349],[73.5404,4.2349],[73.5403,4.2349],[73.5403,4.2349],[73.5403,4.235],[73.5403,4.235],[73.5402,4.235],[73.5402,4.2349],[73.5401,4.2349],[73.5401,4.2349],[73.54,4.2349],[73.54,4.2348],[73.54,4.2348],[73.54,4.2347],[73.54,4.2347],[73.54,4.2347],[73.54,4.2347],[73.5399,4.2348],[73.5399,4.2348],[73.5399,4.2348],[73.5399,4.2348],[73.5399,4.2348],[73.5398,4.2348],[73.5398,4.2348],[73.5398,4.2349],[73.5398,4.2349],[73.5398,4.235],[73.5398,4.235],[73.5398,4.2351],[73.5398,4.2351],[73.5398,4.2351],[73.5398,4.2352],[73.5399,4.2353],[73.5398,4.2353],[73.5398,4.2353],[73.5398,4.2354],[73.5398,4.2355],[73.5398,4.2355],[73.5398,4.2356],[73.5398,4.2356],[73.5398,4.2357],[73.5397,4.2357],[73.5397,4.2358],[73.5397,4.2358],[73.5397,4.2358],[73.5397,4.2358],[73.5396,4.2358],[73.5396,4.2358],[73.5396,4.2358],[73.5396,4.2358],[73.5395,4.2358],[73.5395,4.2359],[73.5395,4.2359],[73.5395,4.2359],[73.5395,4.2359],[73.5395,4.2359],[73.5395,4.2359],[73.5394,4.2359],[73.5394,4.2359],[73.5394,4.2359],[73.5394,4.2359],[73.5394,4.236],[73.5394,4.236],[73.5394,4.236],[73.5393,4.2361],[73.5393,4.2361],[73.5393,4.2361],[73.5393,4.2361],[73.5393,4.2361],[73.5393,4.2361],[73.5393,4.2361],[73.5393,4.2361],[73.5393,4.2361],[73.5393,4.2361],[73.5393,4.2361],[73.5393,4.2361],[73.5392,4.2362],[73.5392,4.2362],[73.5392,4.2362],[73.5392,4.2362],[73.5391,4.2362],[73.5391,4.2362],[73.5391,4.2363],[73.5391,4.2363],[73.5391,4.2363],[73.5391,4.2363],[73.5391,4.2363],[73.5391,4.2363],[73.5391,4.2363],[73.5391,4.2363],[73.5391,4.2363],[73.5391,4.2364],[73.5391,4.2364],[73.5391,4.2364],[73.5391,4.2364],[73.5391,4.2364],[73.5391,4.2365],[73.5392,4.2367],[73.5393,4.237],[73.5395,4.2376],[73.5397,4.2378],[73.5399,4.2382],[73.5401,4.2385],[73.5402,4.2387],[73.5404,4.239],[73.5406,4.2391],[73.5409,4.2394],[73.541,4.2394],[73.5413,4.2396],[73.5414,4.2397],[73.5415,4.2397],[73.5419,4.2399],[73.5424,4.2401],[73.5424,4.2401],[73.5425,4.2401],[73.5432,4.2403],[73.5437,4.2404],[73.5444,4.2406],[73.5451,4.2408],[73.5457,4.2409],[73.5461,4.241],[73.5467,4.2412],[73.547,4.2413],[73.5471,4.2413],[73.5472,4.2413],[73.5478,4.2413],[73.5485,4.2412],[73.5491,4.2412],[73.5495,4.2412],[73.5497,4.2412],[73.5501,4.241],[73.5504,4.2408],[73.5507,4.2406],[73.5509,4.2405],[73.5513,4.2401],[73.5516,4.2398],[73.5517,4.2397],[73.5517,4.2395],[73.5518,4.2392],[73.5519,4.2389],[73.5519,4.2387],[73.5519,4.2385],[73.5519,4.2383],[73.5519,4.2381],[73.5519,4.2377],[73.5518,4.2372],[73.5518,4.2369],[73.5518,4.2366],[73.5517,4.2364]]]]},"properties":{"islandName":"Hulhumalé","atoll":"MLE","capital":"N","Area_ha":418.67060488,"slug":"hulhumale"}},{"type":"Feature","geometry":{"type":"Polygon","coordinates":[[[73.0873,-0.5838],[73.0873,-0.5838],[73.0873,-0.5837],[73.0873,-0.5837],[73.0873,-0.5837],[73.0873,-0.5837],[73.0873,-0.5837],[73.0873,-0.5837],[73.0873,-0.5836],[73.0873,-0.5836],[73.0873,-0.5836],[73.0873,-0.5835],[73.0873,-0.5835],[73.0873,-0.5835],[73.0873,-0.5834],[73.0873,-0.5834],[73.0873,-0.5833],[73.0874,-0.5833],[73.0874,-0.5832],[73.0874,-0.5832],[73.0874,-0.5832],[73.0874,-0.5831],[73.0874,-0.5831],[73.0874,-0.5831],[73.0874,-0.583],[73.0874,-0.583],[73.0874,-0.583],[73.0874,-0.583],[73.0875,-0.5829],[73.0875,-0.5828],[73.0875,-0.5828],[73.0875,-0.5828],[73.0875,-0.5828],[73.0875,-0.5827],[73.0875,-0.5827],[73.0875,-0.5827],[73.0875,-0.5827],[73.0875,-0.5827],[73.0875,-0.5827],[73.0876,-0.5827],[73.0876,-0.5827],[73.0876,-0.5827],[73.0876,-0.5827],[73.0876,-0.5827],[73.0877,-0.5827],[73.0877,-0.5827],[73.0877,-0.5827],[73.0877,-0.5826],[73.0877,-0.5826],[73.0877,-0.5826],[73.0877,-0.5826],[73.0878,-0.5826],[73.0878,-0.5826],[73.0878,-0.5826],[73.0878,-0.5826],[73.0878,-0.5825],[73.0878,-0.5825],[73.0878,-0.5825],[73.0878,-0.5825],[73.0878,-0.5825],[73.0878,-0.5825],[73.0878,-0.5824],[73.0878,-0.5824],[73.0879,-0.5824],[73.0879,-0.5824],[73.0879,-0.5824],[73.0879,-0.5824],[73.0879,-0.5824],[73.0879,-0.5824],[73.0879,-0.5824],[73.0879,-0.5824],[73.0879,-0.5824],[73.0879,-0.5824],[73.0879,-0.5824],[73.0878,-0.5824],[73.0878,-0.5823],[73.0878,-0.5823],[73.0878,-0.5823],[73.0878,-0.5823],[73.0877,-0.5822],[73.0877,-0.5822],[73.0877,-0.5822],[73.0877,-0.5821],[73.0876,-0.5821],[73.0877,-0.5821],[73.0877,-0.582],[73.0877,-0.582],[73.0876,-0.5819],[73.0877,-0.5819],[73.0877,-0.5819],[73.0877,-0.5819],[73.0878,-0.5818],[73.0878,-0.5817],[73.0878,-0.5817],[73.0878,-0.5817],[73.0879,-0.5816],[73.0879,-0.5816],[73.0879,-0.5816],[73.088,-0.5816],[73.088,-0.5816],[73.088,-0.5816],[73.088,-0.5816],[73.088,-0.5816],[73.088,-0.5816],[73.0881,-0.5816],[73.0881,-0.5815],[73.0881,-0.5815],[73.0881,-0.5814],[73.0882,-0.5814],[73.0882,-0.5814],[73.0882,-0.5814],[73.0883,-0.5814],[73.0883,-0.5814],[73.0883,-0.5813],[73.0883,-0.5813],[73.0883,-0.5811],[73.0883,-0.581],[73.0883,-0.581],[73.0883,-0.5809],[73.0884,-0.5808],[73.0884,-0.5805],[73.0885,-0.5804],[73.0885,-0.5803],[73.0885,-0.5802],[73.0885,-0.5801],[73.0885,-0.58],[73.0885,-0.5799],[73.0885,-0.5799],[73.0884,-0.5798],[73.0884,-0.5798],[73.0884,-0.5797],[73.0883,-0.5797],[73.0883,-0.5796],[73.0882,-0.5795],[73.0881,-0.5795],[73.0881,-0.5796],[73.0881,-0.5796],[73.088,-0.5796],[73.088,-0.5796],[73.0879,-0.5796],[73.0879,-0.5796],[73.0878,-0.5795],[73.0876,-0.5795],[73.0875,-0.5796],[73.0874,-0.5796],[73.0873,-0.5796],[73.0873,-0.5796],[73.0873,-0.5796],[73.0873,-0.5797],[73.0872,-0.5797],[73.0871,-0.5797],[73.0871,-0.5798],[73.0871,-0.5799],[73.0871,-0.5799],[73.0872,-0.5799],[73.0872,-0.58],[73.0872,-0.58],[73.0871,-0.58],[73.0871,-0.58],[73.087,-0.58],[73.087,-0.58],[73.0869,-0.58],[73.0869,-0.5801],[73.0869,-0.5801],[73.0869,-0.5801],[73.0868,-0.5801],[73.0868,-0.5802],[73.0866,-0.5802],[73.0866,-0.5803],[73.0866,-0.5802],[73.0865,-0.5802],[73.0865,-0.5803],[73.0864,-0.5803],[73.0864,-0.5803],[73.0864,-0.5803],[73.0863,-0.5803],[73.0863,-0.5803],[73.0863,-0.5803],[73.0862,-0.5803],[73.0862,-0.5804],[73.0862,-0.5805],[73.0861,-0.5805],[73.086,-0.5805],[73.086,-0.5805],[73.086,-0.5806],[73.0859,-0.5806],[73.0859,-0.5806],[73.0858,-0.5806],[73.0858,-0.5806],[73.0857,-0.5806],[73.0857,-0.5806],[73.0856,-0.5806],[73.0856,-0.5806],[73.0855,-0.5806],[73.0855,-0.5806],[73.0855,-0.5806],[73.0854,-0.5806],[73.0853,-0.5806],[73.0852,-0.5806],[73.0852,-0.5806],[73.0851,-0.5806],[73.0851,-0.5806],[73.085,-0.5806],[73.085,-0.5806],[73.0849,-0.5806],[73.0849,-0.5807],[73.0848,-0.5807],[73.0848,-0.5807],[73.0847,-0.5807],[73.0847,-0.5808],[73.0847,-0.5808],[73.0847,-0.5809],[73.0847,-0.5809],[73.0847,-0.581],[73.0847,-0.5811],[73.0848,-0.5812],[73.0849,-0.5812],[73.0849,-0.5812],[73.0849,-0.5813],[73.0849,-0.5814],[73.0849,-0.5815],[73.085,-0.5815],[73.085,-0.5816],[73.0851,-0.5816],[73.0851,-0.5817],[73.0851,-0.5817],[73.0851,-0.5818],[73.0851,-0.5818],[73.0851,-0.5819],[73.0852,-0.582],[73.0852,-0.582],[73.0853,-0.582],[73.0853,-0.582],[73.0853,-0.582],[73.0853,-0.582],[73.0853,-0.582],[73.0853,-0.582],[73.0854,-0.5821],[73.0855,-0.5821],[73.0856,-0.5822],[73.0856,-0.5822],[73.0856,-0.5822],[73.0856,-0.5822],[73.0857,-0.5823],[73.0856,-0.5823],[73.0857,-0.5824],[73.0857,-0.5824],[73.0857,-0.5825],[73.0858,-0.5825],[73.0858,-0.5826],[73.0858,-0.5827],[73.0858,-0.5827],[73.0859,-0.5828],[73.0859,-0.5829],[73.086,-0.583],[73.086,-0.5831],[73.086,-0.5832],[73.0861,-0.5833],[73.0861,-0.5833],[73.0862,-0.5834],[73.0862,-0.5834],[73.0863,-0.5834],[73.0863,-0.5834],[73.0863,-0.5835],[73.0864,-0.5835],[73.0864,-0.5836],[73.0864,-0.5836],[73.0864,-0.5837],[73.0864,-0.5837],[73.0864,-0.5838],[73.0864,-0.5838],[73.0865,-0.5839],[73.0865,-0.5839],[73.0865,-0.5839],[73.0864,-0.584],[73.0864,-0.584],[73.0865,-0.584],[73.0865,-0.5841],[73.0865,-0.5842],[73.0865,-0.5842],[73.0865,-0.5843],[73.0865,-0.5843],[73.0865,-0.5844],[73.0865,-0.5844],[73.0866,-0.5845],[73.0866,-0.5846],[73.0867,-0.5847],[73.0867,-0.5848],[73.0867,-0.5849],[73.0867,-0.5849],[73.0868,-0.5849],[73.0868,-0.585],[73.0868,-0.585],[73.0868,-0.585],[73.0868,-0.585],[73.0868,-0.5851],[73.0868,-0.5851],[73.0868,-0.5852],[73.0868,-0.5852],[73.0869,-0.5852],[73.0869,-0.5853],[73.0869,-0.5853],[73.0869,-0.5854],[73.087,-0.5855],[73.087,-0.5855],[73.0871,-0.5856],[73.0871,-0.5857],[73.0871,-0.5857],[73.0871,-0.5858],[73.0871,-0.5859],[73.0872,-0.5859],[73.0872,-0.586],[73.0872,-0.586],[73.0873,-0.5861],[73.0873,-0.5862],[73.0872,-0.5862],[73.0872,-0.5863],[73.0872,-0.5863],[73.0873,-0.5863],[73.0873,-0.5863],[73.0873,-0.5864],[73.0873,-0.5864],[73.0873,-0.5865],[73.0873,-0.5866],[73.0873,-0.5866],[73.0873,-0.5867],[73.0873,-0.5867],[73.0873,-0.5867],[73.0873,-0.5868],[73.0873,-0.5868],[73.0872,-0.5868],[73.0872,-0.5869],[73.0872,-0.5869],[73.0871,-0.5869],[73.0871,-0.5869],[73.0871,-0.587],[73.0871,-0.587],[73.087,-0.587],[73.087,-0.5871],[73.087,-0.5872],[73.0871,-0.5872],[73.0871,-0.5872],[73.0871,-0.5873],[73.0871,-0.5873],[73.0872,-0.5873],[73.0872,-0.5874],[73.0872,-0.5874],[73.0871,-0.5874],[73.0871,-0.5874],[73.0871,-0.5874],[73.0871,-0.5875],[73.0871,-0.5875],[73.0871,-0.5876],[73.0872,-0.5877],[73.0872,-0.5877],[73.0872,-0.5877],[73.0872,-0.5878],[73.0872,-0.5878],[73.0873,-0.5878],[73.0873,-0.5878],[73.0873,-0.5877],[73.0873,-0.5877],[73.0873,-0.5877],[73.0874,-0.5877],[73.0874,-0.5877],[73.0874,-0.5877],[73.0874,-0.5878],[73.0874,-0.5878],[73.0874,-0.5878],[73.0874,-0.5878],[73.0874,-0.5878],[73.0873,-0.5879],[73.0872,-0.588],[73.0871,-0.588],[73.087,-0.588],[73.0869,-0.588],[73.0868,-0.588],[73.0867,-0.588],[73.0866,-0.5879],[73.0866,-0.5879],[73.0865,-0.5878],[73.0864,-0.5878],[73.0863,-0.5877],[73.0862,-0.5876],[73.086,-0.5874],[73.0858,-0.5871],[73.0857,-0.587],[73.0856,-0.5869],[73.0856,-0.5869],[73.0855,-0.5868],[73.0855,-0.5867],[73.0854,-0.5867],[73.0853,-0.5866],[73.0853,-0.5864],[73.0853,-0.5864],[73.0853,-0.5863],[73.0853,-0.5862],[73.0853,-0.5862],[73.0852,-0.5861],[73.0852,-0.5861],[73.0852,-0.5861],[73.0852,-0.5861],[73.0852,-0.5861],[73.0851,-0.5861],[73.0851,-0.5861],[73.085,-0.5861],[73.085,-0.5861],[73.0849,-0.586],[73.0849,-0.586],[73.0849,-0.586],[73.0848,-0.586],[73.0848,-0.586],[73.0848,-0.586],[73.0846,-0.586],[73.0845,-0.5859],[73.0845,-0.5859],[73.0844,-0.5858],[73.0843,-0.5858],[73.0843,-0.5857],[73.0842,-0.5857],[73.0842,-0.5856],[73.0842,-0.5856],[73.0841,-0.5856],[73.0841,-0.5855],[73.084,-0.5855],[73.0839,-0.5854],[73.0838,-0.5854],[73.0837,-0.5853],[73.0835,-0.5853],[73.0834,-0.5853],[73.0832,-0.5853],[73.0831,-0.5853],[73.0829,-0.5854],[73.0828,-0.5855],[73.0826,-0.5855],[73.0826,-0.5856],[73.0825,-0.5857],[73.0825,-0.5857],[73.0824,-0.5858],[73.0824,-0.5858],[73.0824,-0.5858],[73.0823,-0.5859],[73.0823,-0.5859],[73.0822,-0.5859],[73.0822,-0.586],[73.0821,-0.5861],[73.0821,-0.5861],[73.0821,-0.5862],[73.0822,-0.5862],[73.0822,-0.5862],[73.0822,-0.5862],[73.0823,-0.5862],[73.0823,-0.5862],[73.0823,-0.5863],[73.0824,-0.5863],[73.0824,-0.5863],[73.0824,-0.5863],[73.0824,-0.5864],[73.0824,-0.5864],[73.0824,-0.5865],[73.0823,-0.5865],[73.0823,-0.5866],[73.0823,-0.5867],[73.0823,-0.5868],[73.0823,-0.5868],[73.0823,-0.5869],[73.0824,-0.587],[73.0823,-0.587],[73.0823,-0.587],[73.0823,-0.5871],[73.0822,-0.5871],[73.0822,-0.5871],[73.0823,-0.5871],[73.0823,-0.5871],[73.0823,-0.5871],[73.0823,-0.5871],[73.0824,-0.5871],[73.0824,-0.5871],[73.0825,-0.5871],[73.0825,-0.5872],[73.0825,-0.5873],[73.0826,-0.5873],[73.0826,-0.5873],[73.0827,-0.5874],[73.0827,-0.5874],[73.0827,-0.5875],[73.0828,-0.5875],[73.0828,-0.5875],[73.0829,-0.5875],[73.083,-0.5875],[73.0831,-0.5876],[73.0833,-0.5876],[73.0833,-0.5876],[73.0833,-0.5876],[73.0834,-0.5876],[73.0834,-0.5876],[73.0834,-0.5877],[73.0835,-0.5877],[73.0835,-0.5877],[73.0835,-0.5878],[73.0836,-0.5878],[73.0836,-0.5879],[73.0837,-0.588],[73.0837,-0.5881],[73.0836,-0.5882],[73.0836,-0.5883],[73.0835,-0.5883],[73.0835,-0.5884],[73.0834,-0.5884],[73.0833,-0.5885],[73.0833,-0.5885],[73.0832,-0.5885],[73.0832,-0.5885],[73.0832,-0.5885],[73.0832,-0.5885],[73.0831,-0.5886],[73.0831,-0.5886],[73.0831,-0.5887],[73.0831,-0.5887],[73.0831,-0.5887],[73.0831,-0.5888],[73.0831,-0.5889],[73.083,-0.5889],[73.083,-0.589],[73.0829,-0.589],[73.0828,-0.5889],[73.0828,-0.5889],[73.0828,-0.5889],[73.0827,-0.5889],[73.0827,-0.5889],[73.0827,-0.5889],[73.0827,-0.5889],[73.0827,-0.589],[73.0827,-0.589],[73.0828,-0.589],[73.0828,-0.589],[73.0828,-0.589],[73.0829,-0.5891],[73.0829,-0.5891],[73.0829,-0.5892],[73.0829,-0.5892],[73.0829,-0.5892],[73.083,-0.5893],[73.083,-0.5893],[73.0831,-0.5894],[73.083,-0.5894],[73.083,-0.5895],[73.0829,-0.5895],[73.0829,-0.5895],[73.0829,-0.5895],[73.0828,-0.5895],[73.0828,-0.5895],[73.0827,-0.5896],[73.0827,-0.5897],[73.0826,-0.5898],[73.0825,-0.5898],[73.0825,-0.5899],[73.0824,-0.5899],[73.0823,-0.5899],[73.0822,-0.5899],[73.0821,-0.5899],[73.082,-0.5899],[73.082,-0.59],[73.082,-0.59],[73.0819,-0.59],[73.0818,-0.5901],[73.0818,-0.5901],[73.0817,-0.59],[73.0817,-0.59],[73.0816,-0.59],[73.0816,-0.5901],[73.0815,-0.5901],[73.0815,-0.5902],[73.0815,-0.5902],[73.0816,-0.5902],[73.0816,-0.5903],[73.0815,-0.5904],[73.0815,-0.5905],[73.0815,-0.5905],[73.0814,-0.5906],[73.0814,-0.5905],[73.0813,-0.5906],[73.0813,-0.5906],[73.0813,-0.5907],[73.0814,-0.5908],[73.0814,-0.5909],[73.0814,-0.5909],[73.0815,-0.5909],[73.0815,-0.5909],[73.0816,-0.5909],[73.0816,-0.5909],[73.0816,-0.591],[73.0817,-0.591],[73.0817,-0.5911],[73.0817,-0.5911],[73.0817,-0.5912],[73.0817,-0.5912],[73.0816,-0.5912],[73.0816,-0.5913],[73.0815,-0.5913],[73.0815,-0.5913],[73.0815,-0.5913],[73.0815,-0.5913],[73.0816,-0.5913],[73.0816,-0.5913],[73.0817,-0.5913],[73.0817,-0.5914],[73.0817,-0.5914],[73.0817,-0.5915],[73.0817,-0.5915],[73.0816,-0.5916],[73.0816,-0.5917],[73.0816,-0.5917],[73.0815,-0.5917],[73.0816,-0.5918],[73.0816,-0.5918],[73.0816,-0.5919],[73.0816,-0.592],[73.0816,-0.5921],[73.0816,-0.5921],[73.0817,-0.5922],[73.0817,-0.5923],[73.0818,-0.5924],[73.0819,-0.5924],[73.0819,-0.5925],[73.082,-0.5926],[73.082,-0.5926],[73.0821,-0.5926],[73.0821,-0.5926],[73.0821,-0.5926],[73.0822,-0.5926],[73.0822,-0.5926],[73.0823,-0.5926],[73.0823,-0.5926],[73.0824,-0.5926],[73.0825,-0.5926],[73.0825,-0.5926],[73.0826,-0.5926],[73.0827,-0.5926],[73.0829,-0.5926],[73.0829,-0.5926],[73.083,-0.5925],[73.083,-0.5925],[73.083,-0.5925],[73.0831,-0.5925],[73.0832,-0.5925],[73.0833,-0.5925],[73.0833,-0.5925],[73.0833,-0.5925],[73.0833,-0.5924],[73.0833,-0.5923],[73.0833,-0.5923],[73.0833,-0.5922],[73.0833,-0.5922],[73.0832,-0.5921],[73.0832,-0.5921],[73.0833,-0.592],[73.0833,-0.592],[73.0834,-0.592],[73.0834,-0.592],[73.0835,-0.592],[73.0836,-0.592],[73.0836,-0.592],[73.0836,-0.5921],[73.0836,-0.5921],[73.0836,-0.5922],[73.0836,-0.5922],[73.0836,-0.5923],[73.0836,-0.5923],[73.0836,-0.5924],[73.0836,-0.5925],[73.0836,-0.5925],[73.0836,-0.5925],[73.0837,-0.5926],[73.0838,-0.5926],[73.0839,-0.5926],[73.0839,-0.5926],[73.0839,-0.5925],[73.084,-0.5925],[73.0841,-0.5924],[73.0841,-0.5924],[73.0841,-0.5923],[73.0841,-0.5923],[73.0842,-0.5923],[73.0842,-0.5923],[73.0842,-0.5924],[73.0842,-0.5924],[73.0842,-0.5924],[73.0841,-0.5925],[73.0841,-0.5925],[73.0841,-0.5925],[73.0841,-0.5926],[73.084,-0.5926],[73.084,-0.5927],[73.084,-0.5928],[73.084,-0.5929],[73.0841,-0.593],[73.0841,-0.5931],[73.0841,-0.5931],[73.0841,-0.5932],[73.0842,-0.5932],[73.0842,-0.5933],[73.0842,-0.5933],[73.0841,-0.5933],[73.0841,-0.5933],[73.0842,-0.5935],[73.0842,-0.5937],[73.0842,-0.5937],[73.0842,-0.5938],[73.0842,-0.5938],[73.0842,-0.5939],[73.0842,-0.5939],[73.0842,-0.594],[73.0842,-0.5941],[73.0843,-0.5944],[73.0843,-0.5945],[73.0844,-0.5947],[73.0844,-0.5949],[73.0845,-0.5949],[73.0845,-0.595],[73.0845,-0.5951],[73.0846,-0.5951],[73.0846,-0.5952],[73.0846,-0.5954],[73.0846,-0.5955],[73.0847,-0.5956],[73.0847,-0.5957],[73.0847,-0.5958],[73.0848,-0.5959],[73.0848,-0.5959],[73.0848,-0.5959],[73.0848,-0.596],[73.0849,-0.596],[73.0849,-0.5961],[73.0849,-0.5961],[73.0849,-0.5962],[73.085,-0.5963],[73.085,-0.5964],[73.0851,-0.5965],[73.0852,-0.5967],[73.0853,-0.597],[73.0853,-0.5971],[73.0854,-0.5971],[73.0854,-0.5972],[73.0854,-0.5972],[73.0854,-0.5973],[73.0854,-0.5973],[73.0854,-0.5973],[73.0855,-0.5974],[73.0855,-0.5974],[73.0855,-0.5974],[73.0856,-0.5974],[73.0856,-0.5974],[73.0857,-0.5973],[73.0857,-0.5974],[73.0858,-0.5974],[73.0858,-0.5974],[73.0858,-0.5974],[73.0858,-0.5975],[73.0858,-0.5976],[73.0858,-0.5976],[73.0858,-0.5977],[73.0858,-0.5977],[73.0858,-0.5978],[73.0859,-0.5978],[73.0859,-0.5979],[73.0859,-0.598],[73.086,-0.598],[73.086,-0.5981],[73.086,-0.5981],[73.086,-0.5982],[73.086,-0.5982],[73.086,-0.5983],[73.086,-0.5983],[73.086,-0.5984],[73.0861,-0.5986],[73.0862,-0.5987],[73.0862,-0.5988],[73.0863,-0.599],[73.0864,-0.5991],[73.0864,-0.5992],[73.0865,-0.5993],[73.0865,-0.5993],[73.0865,-0.5994],[73.0866,-0.5994],[73.0866,-0.5994],[73.0867,-0.5994],[73.0867,-0.5995],[73.0867,-0.5996],[73.0867,-0.5996],[73.0868,-0.5997],[73.0868,-0.5997],[73.0868,-0.5998],[73.0869,-0.5998],[73.0869,-0.5998],[73.0869,-0.5999],[73.0869,-0.6],[73.0869,-0.6001],[73.087,-0.6002],[73.0871,-0.6003],[73.0871,-0.6004],[73.0871,-0.6005],[73.0871,-0.6005],[73.0872,-0.6005],[73.0872,-0.6006],[73.0873,-0.6008],[73.0874,-0.601],[73.0874,-0.601],[73.0875,-0.6011],[73.0876,-0.6011],[73.0876,-0.6011],[73.0879,-0.6012],[73.0879,-0.6012],[73.0881,-0.6012],[73.0882,-0.6012],[73.0883,-0.6012],[73.0884,-0.6013],[73.0885,-0.6013],[73.0886,-0.6013],[73.0887,-0.6014],[73.0888,-0.6014],[73.0888,-0.6013],[73.0888,-0.6014],[73.0889,-0.6013],[73.089,-0.6014],[73.089,-0.6014],[73.0891,-0.6014],[73.0892,-0.6014],[73.0894,-0.6014],[73.0895,-0.6014],[73.0895,-0.6014],[73.0896,-0.6014],[73.0897,-0.6014],[73.0898,-0.6015],[73.0899,-0.6015],[73.0902,-0.6015],[73.0903,-0.6015],[73.0904,-0.6015],[73.0905,-0.6015],[73.0907,-0.6016],[73.0908,-0.6016],[73.0909,-0.6016],[73.0909,-0.6016],[73.091,-0.6016],[73.0911,-0.6016],[73.0912,-0.6017],[73.0913,-0.6017],[73.0914,-0.6017],[73.0915,-0.6017],[73.0916,-0.6017],[73.0916,-0.6017],[73.0918,-0.6017],[73.092,-0.6017],[73.092,-0.6017],[73.092,-0.6017],[73.092,-0.6017],[73.092,-0.6017],[73.0922,-0.602],[73.0929,-0.6029],[73.0935,-0.6038],[73.0941,-0.6047],[73.095,-0.606],[73.095,-0.6061],[73.0951,-0.6061],[73.0951,-0.6062],[73.0951,-0.6062],[73.0951,-0.6062],[73.0951,-0.6063],[73.0951,-0.6064],[73.0951,-0.6064],[73.0952,-0.6065],[73.0952,-0.6065],[73.0952,-0.6067],[73.0953,-0.6068],[73.0954,-0.6069],[73.0955,-0.6071],[73.0956,-0.6072],[73.0956,-0.6073],[73.0956,-0.6073],[73.0956,-0.6073],[73.0956,-0.6074],[73.0956,-0.6074],[73.0957,-0.6074],[73.0957,-0.6074],[73.0957,-0.6074],[73.0957,-0.6074],[73.0956,-0.6074],[73.0956,-0.6075],[73.0956,-0.6075],[73.0956,-0.6075],[73.0955,-0.6074],[73.0955,-0.6074],[73.0955,-0.6074],[73.0954,-0.6074],[73.0954,-0.6074],[73.0954,-0.6073],[73.0954,-0.6073],[73.0954,-0.6072],[73.0954,-0.6072],[73.0954,-0.6072],[73.0954,-0.6072],[73.0954,-0.6072],[73.0954,-0.6071],[73.0953,-0.607],[73.0952,-0.6069],[73.0951,-0.6068],[73.095,-0.6066],[73.095,-0.6064],[73.0948,-0.6063],[73.0947,-0.6061],[73.0946,-0.606],[73.0945,-0.6059],[73.0944,-0.6057],[73.0943,-0.6056],[73.0941,-0.6054],[73.0941,-0.6053],[73.094,-0.6053],[73.094,-0.6052],[73.0939,-0.6051],[73.0939,-0.6051],[73.0938,-0.6051],[73.0937,-0.6051],[73.0937,-0.6052],[73.0936,-0.6053],[73.0936,-0.6053],[73.0936,-0.6054],[73.0936,-0.6055],[73.0935,-0.6055],[73.0934,-0.6056],[73.0934,-0.6056],[73.0933,-0.6055],[73.0933,-0.6055],[73.0933,-0.6056],[73.0932,-0.6057],[73.0932,-0.6057],[73.0931,-0.6057],[73.093,-0.6057],[73.093,-0.6058],[73.0931,-0.6058],[73.0931,-0.6059],[73.0932,-0.606],[73.0932,-0.606],[73.0932,-0.606],[73.0932,-0.6061],[73.0931,-0.6061],[73.093,-0.6061],[73.0929,-0.6061],[73.0929,-0.6061],[73.0929,-0.6061],[73.0929,-0.6061],[73.0929,-0.6061],[73.093,-0.6062],[73.0932,-0.6062],[73.0932,-0.6062],[73.0931,-0.6063],[73.0931,-0.6064],[73.0931,-0.6065],[73.0931,-0.6065],[73.0931,-0.6065],[73.0931,-0.6066],[73.0931,-0.6067],[73.0931,-0.6068],[73.0931,-0.6069],[73.0932,-0.607],[73.0936,-0.6074],[73.0937,-0.6076],[73.0939,-0.6079],[73.0941,-0.6082],[73.0942,-0.6084],[73.0944,-0.6085],[73.0946,-0.6088],[73.0948,-0.6091],[73.095,-0.6094],[73.0953,-0.6099],[73.0957,-0.6103],[73.0959,-0.6106],[73.0961,-0.611],[73.0962,-0.6111],[73.0964,-0.6114],[73.0966,-0.6118],[73.0967,-0.612],[73.097,-0.6124],[73.0972,-0.6129],[73.0975,-0.6132],[73.0976,-0.6135],[73.0978,-0.6137],[73.098,-0.6141],[73.0982,-0.6144],[73.0984,-0.6148],[73.0984,-0.615],[73.0985,-0.6153],[73.0986,-0.6155],[73.0986,-0.6156],[73.0987,-0.6156],[73.0988,-0.6157],[73.0988,-0.6156],[73.0989,-0.6156],[73.0989,-0.6156],[73.099,-0.6156],[73.099,-0.6157],[73.099,-0.6157],[73.0989,-0.6157],[73.0989,-0.6158],[73.0988,-0.6158],[73.0988,-0.6159],[73.0988,-0.6159],[73.0988,-0.6159],[73.0988,-0.616],[73.0988,-0.6162],[73.0988,-0.6164],[73.0989,-0.6165],[73.099,-0.6168],[73.099,-0.617],[73.0991,-0.6172],[73.0992,-0.6175],[73.0992,-0.6177],[73.0992,-0.6178],[73.0992,-0.6178],[73.0993,-0.6179],[73.0993,-0.6181],[73.0993,-0.6182],[73.0994,-0.6182],[73.0994,-0.6182],[73.0995,-0.6183],[73.0995,-0.6182],[73.0996,-0.6182],[73.0998,-0.6181],[73.0999,-0.6181],[73.1,-0.6181],[73.1002,-0.618],[73.1003,-0.618],[73.1004,-0.6179],[73.1005,-0.6178],[73.1006,-0.6178],[73.1006,-0.6178],[73.1007,-0.6178],[73.1007,-0.6178],[73.1008,-0.6178],[73.1009,-0.6178],[73.101,-0.6179],[73.101,-0.618],[73.101,-0.618],[73.101,-0.6181],[73.101,-0.6181],[73.101,-0.6181],[73.101,-0.6181],[73.1011,-0.6182],[73.1011,-0.6182],[73.1011,-0.6183],[73.1011,-0.6183],[73.1011,-0.6184],[73.1011,-0.6184],[73.1011,-0.6185],[73.101,-0.6185],[73.101,-0.6184],[73.1009,-0.6184],[73.1009,-0.6183],[73.1009,-0.6183],[73.1009,-0.6183],[73.1008,-0.6182],[73.1009,-0.6181],[73.1008,-0.6181],[73.1008,-0.6181],[73.1006,-0.6181],[73.1003,-0.6181],[73.1002,-0.6182],[73.1002,-0.6182],[73.1,-0.6183],[73.0995,-0.6184],[73.0995,-0.6185],[73.0995,-0.6186],[73.0996,-0.6187],[73.0996,-0.619],[73.0996,-0.6193],[73.0997,-0.6195],[73.0997,-0.6197],[73.0998,-0.62],[73.0999,-0.6203],[73.0999,-0.6203],[73.0999,-0.6204],[73.1,-0.6205],[73.1,-0.6206],[73.1001,-0.6207],[73.1001,-0.6209],[73.1001,-0.621],[73.1,-0.621],[73.0999,-0.621],[73.0998,-0.6209],[73.0998,-0.6209],[73.0997,-0.621],[73.0997,-0.6211],[73.0997,-0.6212],[73.0997,-0.6212],[73.0997,-0.6214],[73.0997,-0.6216],[73.0996,-0.6219],[73.0996,-0.6221],[73.0996,-0.6225],[73.0996,-0.6227],[73.0996,-0.6228],[73.0995,-0.623],[73.0995,-0.6233],[73.0995,-0.6235],[73.0995,-0.6238],[73.0995,-0.624],[73.0995,-0.6242],[73.0997,-0.6245],[73.0998,-0.6246],[73.0999,-0.6247],[73.1,-0.6248],[73.1001,-0.6248],[73.1002,-0.6248],[73.1003,-0.6248],[73.1005,-0.6248],[73.1006,-0.6248],[73.1008,-0.6248],[73.1008,-0.6247],[73.1009,-0.6247],[73.1011,-0.6247],[73.1011,-0.6247],[73.1012,-0.6247],[73.1013,-0.6247],[73.1014,-0.6246],[73.1014,-0.6246],[73.1014,-0.6245],[73.1015,-0.6245],[73.1015,-0.6245],[73.1016,-0.6244],[73.1016,-0.6245],[73.1017,-0.6245],[73.1017,-0.6245],[73.1017,-0.6246],[73.1018,-0.6246],[73.1019,-0.6246],[73.1019,-0.6246],[73.102,-0.6246],[73.102,-0.6247],[73.102,-0.6247],[73.1021,-0.6247],[73.1021,-0.6248],[73.1021,-0.6249],[73.1022,-0.6249],[73.1022,-0.625],[73.1023,-0.6252],[73.1023,-0.6253],[73.1023,-0.6253],[73.1023,-0.6255],[73.1023,-0.6256],[73.1024,-0.6256],[73.1024,-0.6257],[73.1024,-0.6257],[73.1024,-0.6257],[73.1024,-0.6258],[73.1024,-0.6258],[73.1024,-0.6259],[73.1024,-0.626],[73.1024,-0.6261],[73.1024,-0.6262],[73.1024,-0.6263],[73.1024,-0.6264],[73.1024,-0.6264],[73.1024,-0.6265],[73.1024,-0.6265],[73.1024,-0.6266],[73.1024,-0.6266],[73.1025,-0.6267],[73.1025,-0.6267],[73.1025,-0.6267],[73.1025,-0.6268],[73.1025,-0.6268],[73.1025,-0.6268],[73.1025,-0.6269],[73.1025,-0.6269],[73.1026,-0.6269],[73.1025,-0.6269],[73.1025,-0.6269],[73.1026,-0.627],[73.1026,-0.6272],[73.1026,-0.6273],[73.1027,-0.6277],[73.1027,-0.6278],[73.1027,-0.6279],[73.1027,-0.628],[73.1027,-0.628],[73.1027,-0.628],[73.1027,-0.6281],[73.1027,-0.6283],[73.1028,-0.6286],[73.1028,-0.6288],[73.1028,-0.6289],[73.1029,-0.6291],[73.1029,-0.6293],[73.1029,-0.6295],[73.1029,-0.6297],[73.1029,-0.6298],[73.1029,-0.6299],[73.103,-0.63],[73.1031,-0.6302],[73.1032,-0.6304],[73.1032,-0.6306],[73.1034,-0.6307],[73.1061,-0.6309],[73.1078,-0.6307],[73.1093,-0.6305],[73.1101,-0.6304],[73.1102,-0.6303],[73.1103,-0.6303],[73.1103,-0.6303],[73.1109,-0.6303],[73.111,-0.6314],[73.1098,-0.6317],[73.1097,-0.631],[73.1094,-0.631],[73.1093,-0.6306],[73.1083,-0.6307],[73.1061,-0.631],[73.1034,-0.6309],[73.1007,-0.6307],[73.1006,-0.6308],[73.1006,-0.6309],[73.1006,-0.631],[73.1006,-0.6312],[73.1006,-0.6313],[73.1006,-0.6315],[73.1006,-0.6316],[73.1007,-0.6316],[73.1007,-0.6317],[73.1007,-0.6319],[73.1007,-0.6319],[73.1007,-0.632],[73.1008,-0.6321],[73.1008,-0.6322],[73.1008,-0.6323],[73.1008,-0.6325],[73.1008,-0.6326],[73.1008,-0.6327],[73.1008,-0.6328],[73.1008,-0.6328],[73.1009,-0.6328],[73.1009,-0.6329],[73.1009,-0.6329],[73.101,-0.6331],[73.101,-0.6332],[73.101,-0.6332],[73.101,-0.6333],[73.1011,-0.6334],[73.1011,-0.6334],[73.1011,-0.6334],[73.1011,-0.6335],[73.1011,-0.6335],[73.1011,-0.6336],[73.1011,-0.6336],[73.1012,-0.6337],[73.1012,-0.6337],[73.1012,-0.6338],[73.1012,-0.6339],[73.1012,-0.6339],[73.1012,-0.634],[73.1013,-0.6341],[73.1013,-0.6341],[73.1013,-0.6342],[73.1013,-0.6343],[73.1013,-0.6344],[73.1014,-0.6345],[73.1014,-0.6346],[73.1014,-0.6347],[73.1014,-0.6347],[73.1014,-0.6347],[73.1014,-0.6348],[73.1014,-0.6348],[73.1015,-0.6349],[73.1015,-0.6349],[73.1015,-0.6349],[73.1015,-0.635],[73.1015,-0.635],[73.1016,-0.635],[73.1016,-0.6351],[73.1016,-0.6351],[73.1016,-0.6352],[73.1016,-0.6353],[73.1017,-0.6353],[73.1017,-0.6354],[73.1017,-0.6355],[73.1018,-0.6356],[73.1018,-0.6357],[73.1019,-0.6357],[73.1019,-0.6358],[73.1019,-0.6358],[73.102,-0.6359],[73.102,-0.6359],[73.102,-0.6359],[73.1021,-0.636],[73.1021,-0.636],[73.1021,-0.6361],[73.1021,-0.6361],[73.1021,-0.6361],[73.1021,-0.6361],[73.1022,-0.6362],[73.1022,-0.6362],[73.1022,-0.6362],[73.1022,-0.6363],[73.1022,-0.6364],[73.1023,-0.6364],[73.1023,-0.6365],[73.1023,-0.6365],[73.1023,-0.6365],[73.1023,-0.6366],[73.1023,-0.6366],[73.1024,-0.6366],[73.1024,-0.6367],[73.1024,-0.6368],[73.1024,-0.6368],[73.1025,-0.6369],[73.1025,-0.6371],[73.1025,-0.6371],[73.1025,-0.6372],[73.1025,-0.6372],[73.1026,-0.6372],[73.1026,-0.6373],[73.1026,-0.6373],[73.1026,-0.6373],[73.1027,-0.6373],[73.1027,-0.6374],[73.1027,-0.6374],[73.1027,-0.6374],[73.1027,-0.6374],[73.1027,-0.6375],[73.1027,-0.6375],[73.1027,-0.6376],[73.1028,-0.6377],[73.1028,-0.6377],[73.1028,-0.6377],[73.1028,-0.6378],[73.1028,-0.6378],[73.1029,-0.6379],[73.1029,-0.6379],[73.103,-0.638],[73.103,-0.6381],[73.103,-0.6381],[73.1031,-0.6382],[73.1031,-0.6382],[73.1031,-0.6383],[73.1032,-0.6383],[73.1032,-0.6384],[73.1032,-0.6384],[73.1033,-0.6385],[73.1033,-0.6385],[73.1034,-0.6386],[73.1034,-0.6386],[73.1034,-0.6387],[73.1035,-0.6388],[73.1035,-0.6388],[73.1036,-0.6389],[73.1036,-0.6389],[73.1037,-0.639],[73.1037,-0.6391],[73.1038,-0.6392],[73.1038,-0.6392],[73.1039,-0.6393],[73.1039,-0.6393],[73.104,-0.6393],[73.104,-0.6394],[73.1041,-0.6394],[73.1041,-0.6395],[73.1042,-0.6395],[73.1042,-0.6396],[73.1043,-0.6397],[73.1043,-0.6398],[73.1044,-0.6399],[73.1045,-0.64],[73.1046,-0.64],[73.1046,-0.6401],[73.1046,-0.6401],[73.1047,-0.6401],[73.1047,-0.6402],[73.1047,-0.6402],[73.1047,-0.6403],[73.1048,-0.6403],[73.1048,-0.6403],[73.1048,-0.6403],[73.1048,-0.6404],[73.1049,-0.6404],[73.1049,-0.6404],[73.1049,-0.6405],[73.1049,-0.6405],[73.1049,-0.6406],[73.105,-0.6406],[73.105,-0.6406],[73.105,-0.6407],[73.105,-0.6407],[73.105,-0.6408],[73.1051,-0.6409],[73.1051,-0.641],[73.1051,-0.641],[73.1051,-0.6411],[73.1052,-0.6411],[73.1052,-0.6412],[73.1052,-0.6412],[73.1052,-0.6413],[73.1052,-0.6413],[73.1053,-0.6414],[73.1053,-0.6414],[73.1053,-0.6415],[73.1053,-0.6415],[73.1054,-0.6416],[73.1054,-0.6416],[73.1054,-0.6417],[73.1055,-0.6418],[73.1055,-0.6418],[73.1055,-0.6418],[73.1055,-0.6419],[73.1056,-0.642],[73.1056,-0.642],[73.1056,-0.6421],[73.1056,-0.6422],[73.1056,-0.6422],[73.1056,-0.6423],[73.1057,-0.6423],[73.1057,-0.6424],[73.1057,-0.6425],[73.1057,-0.6426],[73.1057,-0.6427],[73.1057,-0.6428],[73.1057,-0.6429],[73.1057,-0.643],[73.1058,-0.6432],[73.1058,-0.6432],[73.1058,-0.6432],[73.1058,-0.6433],[73.1058,-0.6433],[73.1058,-0.6434],[73.1058,-0.6435],[73.1058,-0.6437],[73.1058,-0.6438],[73.1058,-0.6439],[73.1058,-0.6439],[73.1058,-0.644],[73.1059,-0.644],[73.1059,-0.6441],[73.1059,-0.6441],[73.1059,-0.6442],[73.1059,-0.6443],[73.1059,-0.6443],[73.1059,-0.6444],[73.106,-0.6444],[73.106,-0.6445],[73.106,-0.6445],[73.106,-0.6445],[73.106,-0.6446],[73.106,-0.6446],[73.106,-0.6447],[73.106,-0.6448],[73.106,-0.6448],[73.106,-0.6449],[73.1061,-0.645],[73.1061,-0.6451],[73.1061,-0.6451],[73.1061,-0.6452],[73.1061,-0.6454],[73.1061,-0.6455],[73.1061,-0.6457],[73.1061,-0.6457],[73.1061,-0.6458],[73.1061,-0.6458],[73.1061,-0.6458],[73.1061,-0.6459],[73.106,-0.646],[73.106,-0.6461],[73.106,-0.6463],[73.106,-0.6463],[73.1061,-0.6464],[73.1061,-0.6464],[73.1061,-0.6466],[73.1061,-0.6466],[73.1061,-0.6467],[73.1061,-0.6467],[73.1062,-0.6467],[73.1062,-0.6467],[73.1063,-0.6467],[73.1063,-0.6468],[73.1063,-0.6468],[73.1063,-0.6469],[73.1064,-0.6469],[73.1064,-0.647],[73.1064,-0.6471],[73.1064,-0.6472],[73.1064,-0.6473],[73.1064,-0.6474],[73.1064,-0.6474],[73.1064,-0.6474],[73.1064,-0.6475],[73.1064,-0.6475],[73.1064,-0.6475],[73.1064,-0.6476],[73.1065,-0.6476],[73.1065,-0.6476],[73.1065,-0.6476],[73.1065,-0.6476],[73.1065,-0.6477],[73.1065,-0.6477],[73.1065,-0.6477],[73.1065,-0.6477],[73.1065,-0.6478],[73.1065,-0.6479],[73.1066,-0.6479],[73.1066,-0.648],[73.1066,-0.6481],[73.1066,-0.6481],[73.1066,-0.6482],[73.1066,-0.6482],[73.1067,-0.6483],[73.1067,-0.6483],[73.1067,-0.6484],[73.1067,-0.6484],[73.1067,-0.6484],[73.1067,-0.6485],[73.1068,-0.6485],[73.1068,-0.6486],[73.1068,-0.6487],[73.1069,-0.6487],[73.1069,-0.6488],[73.1069,-0.6488],[73.1069,-0.6489],[73.1069,-0.6489],[73.107,-0.6489],[73.107,-0.6489],[73.107,-0.6489],[73.107,-0.649],[73.107,-0.649],[73.107,-0.649],[73.107,-0.649],[73.107,-0.6491],[73.107,-0.6491],[73.107,-0.6491],[73.107,-0.6492],[73.1071,-0.6492],[73.1071,-0.6492],[73.1071,-0.6492],[73.1071,-0.6493],[73.1071,-0.6493],[73.1071,-0.6493],[73.1072,-0.6494],[73.1072,-0.6494],[73.1072,-0.6495],[73.1072,-0.6495],[73.1072,-0.6495],[73.1072,-0.6495],[73.1073,-0.6496],[73.1073,-0.6496],[73.1073,-0.6496],[73.1073,-0.6496],[73.1073,-0.6497],[73.1073,-0.6497],[73.1073,-0.6497],[73.1074,-0.6497],[73.1074,-0.6498],[73.1074,-0.6498],[73.1074,-0.6498],[73.1074,-0.6498],[73.1074,-0.6499],[73.1075,-0.6499],[73.1075,-0.6499],[73.1075,-0.6499],[73.1075,-0.65],[73.1075,-0.65],[73.1075,-0.65],[73.1075,-0.65],[73.1075,-0.6501],[73.1075,-0.6501],[73.1076,-0.6501],[73.1076,-0.6501],[73.1076,-0.6501],[73.1076,-0.6502],[73.1076,-0.6502],[73.1076,-0.6502],[73.1076,-0.6503],[73.1077,-0.6503],[73.1077,-0.6503],[73.1077,-0.6503],[73.1077,-0.6504],[73.1078,-0.6505],[73.1078,-0.6505],[73.1078,-0.6506],[73.1079,-0.6506],[73.1079,-0.6507],[73.1079,-0.6507],[73.108,-0.6508],[73.108,-0.6508],[73.108,-0.6508],[73.108,-0.6509],[73.1081,-0.6509],[73.1081,-0.6509],[73.1081,-0.651],[73.1082,-0.651],[73.1082,-0.6511],[73.1083,-0.6511],[73.1083,-0.6511],[73.1083,-0.6511],[73.1083,-0.6511],[73.1084,-0.6511],[73.1084,-0.6512],[73.1084,-0.6512],[73.1084,-0.6512],[73.1084,-0.6512],[73.1084,-0.6512],[73.1084,-0.6513],[73.1085,-0.6513],[73.1085,-0.6513],[73.1085,-0.6514],[73.1085,-0.6514],[73.1086,-0.6515],[73.1086,-0.6515],[73.1086,-0.6516],[73.1087,-0.6517],[73.1088,-0.6519],[73.1088,-0.6519],[73.1089,-0.652],[73.1089,-0.6521],[73.1089,-0.6521],[73.109,-0.6521],[73.109,-0.6522],[73.109,-0.6522],[73.1091,-0.6523],[73.1091,-0.6523],[73.1091,-0.6524],[73.1092,-0.6524],[73.1093,-0.6525],[73.1094,-0.6526],[73.1094,-0.6526],[73.1095,-0.6527],[73.1095,-0.6527],[73.1096,-0.6527],[73.1096,-0.6526],[73.1097,-0.6526],[73.1097,-0.6526],[73.1097,-0.6527],[73.1098,-0.6527],[73.1098,-0.6527],[73.1098,-0.6527],[73.1097,-0.6527],[73.1096,-0.6528],[73.1096,-0.6528],[73.1095,-0.6529],[73.1095,-0.653],[73.1094,-0.653],[73.1094,-0.6531],[73.1093,-0.6531],[73.1092,-0.6531],[73.1092,-0.6531],[73.1092,-0.6531],[73.1091,-0.6531],[73.1091,-0.653],[73.1091,-0.653],[73.109,-0.653],[73.109,-0.6529],[73.1089,-0.6529],[73.1089,-0.6528],[73.1089,-0.6528],[73.1089,-0.6528],[73.1088,-0.6527],[73.1088,-0.6527],[73.1087,-0.6526],[73.1087,-0.6526],[73.1086,-0.6524],[73.1084,-0.6523],[73.1083,-0.6521],[73.1081,-0.6519],[73.108,-0.6518],[73.1078,-0.6516],[73.1078,-0.6515],[73.1076,-0.6512],[73.1074,-0.651],[73.1073,-0.6509],[73.1072,-0.6508],[73.1071,-0.6507],[73.1071,-0.6506],[73.107,-0.6506],[73.107,-0.6506],[73.107,-0.6505],[73.107,-0.6504],[73.107,-0.6504],[73.1069,-0.6503],[73.1068,-0.6502],[73.1068,-0.6501],[73.1067,-0.65],[73.1067,-0.6499],[73.1067,-0.6499],[73.1066,-0.6499],[73.1067,-0.6498],[73.1066,-0.6497],[73.1065,-0.6496],[73.1065,-0.6495],[73.1064,-0.6494],[73.1064,-0.6493],[73.1063,-0.6492],[73.1063,-0.6492],[73.1063,-0.6492],[73.1063,-0.6492],[73.1063,-0.6491],[73.1063,-0.649],[73.1063,-0.649],[73.1063,-0.6489],[73.1062,-0.6488],[73.1062,-0.6488],[73.1061,-0.6486],[73.1061,-0.6485],[73.1061,-0.6485],[73.1061,-0.6484],[73.1061,-0.6485],[73.106,-0.6484],[73.106,-0.6482],[73.1059,-0.648],[73.1058,-0.6477],[73.1057,-0.6475],[73.1056,-0.6472],[73.1054,-0.6469],[73.1052,-0.6466],[73.1052,-0.6464],[73.1051,-0.6462],[73.105,-0.6461],[73.1049,-0.6459],[73.1049,-0.6457],[73.1047,-0.6455],[73.1046,-0.6453],[73.1045,-0.6452],[73.1045,-0.6451],[73.1044,-0.645],[73.1044,-0.6449],[73.1044,-0.6448],[73.1044,-0.6447],[73.1044,-0.6446],[73.1044,-0.6445],[73.1044,-0.6444],[73.1044,-0.6443],[73.1043,-0.6442],[73.1043,-0.6441],[73.1042,-0.644],[73.1042,-0.6439],[73.1042,-0.6438],[73.1042,-0.6437],[73.1042,-0.6437],[73.1042,-0.6436],[73.1041,-0.6436],[73.1041,-0.6436],[73.1041,-0.6435],[73.1041,-0.6435],[73.1041,-0.6434],[73.104,-0.6431],[73.104,-0.6429],[73.1039,-0.6426],[73.1038,-0.6423],[73.1037,-0.6421],[73.1036,-0.6419],[73.1035,-0.6418],[73.1034,-0.6416],[73.1033,-0.6414],[73.1031,-0.6412],[73.1031,-0.641],[73.103,-0.6408],[73.1029,-0.6406],[73.1028,-0.6405],[73.1027,-0.6403],[73.1026,-0.64],[73.1025,-0.6397],[73.1025,-0.6396],[73.1025,-0.6395],[73.1024,-0.6393],[73.1024,-0.6392],[73.1024,-0.639],[73.1023,-0.6388],[73.1023,-0.6387],[73.1014,-0.6382],[73.1013,-0.6378],[73.1011,-0.6375],[73.101,-0.6371],[73.1008,-0.6366],[73.1007,-0.6366],[73.1007,-0.6363],[73.1007,-0.6361],[73.1007,-0.6358],[73.1007,-0.6356],[73.1007,-0.6355],[73.1007,-0.6354],[73.1006,-0.6352],[73.1005,-0.6351],[73.1005,-0.635],[73.1004,-0.6347],[73.1003,-0.6345],[73.1002,-0.6342],[73.1001,-0.634],[73.1,-0.6337],[73.0999,-0.6335],[73.0998,-0.6333],[73.0997,-0.633],[73.0996,-0.6327],[73.0995,-0.6325],[73.0994,-0.6322],[73.0993,-0.632],[73.0992,-0.6318],[73.0991,-0.6315],[73.0989,-0.6312],[73.0989,-0.6312],[73.0988,-0.6311],[73.0987,-0.631],[73.0986,-0.6309],[73.0984,-0.6307],[73.0983,-0.6306],[73.0981,-0.6304],[73.0981,-0.6303],[73.0979,-0.6301],[73.0978,-0.63],[73.0978,-0.63],[73.0977,-0.6299],[73.0977,-0.6298],[73.0977,-0.6298],[73.0977,-0.6297],[73.0976,-0.6297],[73.0976,-0.6296],[73.0975,-0.6296],[73.0975,-0.6295],[73.0974,-0.6295],[73.0973,-0.6294],[73.0973,-0.6294],[73.0972,-0.6293],[73.0972,-0.6292],[73.0971,-0.6291],[73.0971,-0.6291],[73.097,-0.629],[73.0968,-0.6289],[73.0967,-0.6288],[73.0966,-0.6286],[73.0965,-0.6286],[73.0963,-0.6284],[73.0962,-0.6283],[73.0961,-0.6282],[73.096,-0.6281],[73.0959,-0.628],[73.0957,-0.6279],[73.0956,-0.6278],[73.0955,-0.6277],[73.0953,-0.6275],[73.0952,-0.6274],[73.095,-0.6272],[73.0948,-0.627],[73.0947,-0.6269],[73.0946,-0.6267],[73.0944,-0.6265],[73.0943,-0.6263],[73.0942,-0.6262],[73.0941,-0.6259],[73.0939,-0.6257],[73.0939,-0.6256],[73.0937,-0.6253],[73.0936,-0.6251],[73.0934,-0.6248],[73.0934,-0.6247],[73.0932,-0.6243],[73.0932,-0.6242],[73.0931,-0.6242],[73.093,-0.624],[73.0928,-0.6237],[73.0927,-0.6236],[73.0927,-0.6234],[73.0927,-0.6234],[73.0926,-0.6233],[73.0926,-0.6232],[73.0925,-0.6231],[73.0924,-0.6229],[73.0922,-0.6227],[73.092,-0.6224],[73.0919,-0.6222],[73.0918,-0.6221],[73.0918,-0.622],[73.0917,-0.6218],[73.0916,-0.6217],[73.0915,-0.6216],[73.0914,-0.6214],[73.0912,-0.6211],[73.091,-0.6209],[73.0909,-0.6208],[73.0908,-0.6207],[73.0907,-0.6205],[73.0904,-0.6201],[73.09,-0.6195],[73.0896,-0.6188],[73.0894,-0.6183],[73.0893,-0.6181],[73.0893,-0.6181],[73.089,-0.6176],[73.0889,-0.6173],[73.0889,-0.6172],[73.0888,-0.617],[73.0887,-0.6168],[73.0887,-0.6167],[73.0886,-0.6165],[73.0885,-0.6164],[73.0885,-0.6164],[73.0885,-0.6164],[73.0885,-0.6164],[73.0885,-0.6164],[73.0885,-0.6163],[73.0885,-0.6162],[73.0885,-0.6162],[73.0885,-0.6162],[73.0884,-0.6161],[73.0883,-0.616],[73.0883,-0.6159],[73.0882,-0.6158],[73.0882,-0.6156],[73.0881,-0.6155],[73.0878,-0.6148],[73.0875,-0.6143],[73.0874,-0.6142],[73.0873,-0.614],[73.0872,-0.6137],[73.087,-0.6134],[73.087,-0.6134],[73.087,-0.6134],[73.0869,-0.6132],[73.0869,-0.6131],[73.0868,-0.6129],[73.0868,-0.6128],[73.0867,-0.6126],[73.0867,-0.6125],[73.0866,-0.6124],[73.0865,-0.6122],[73.0865,-0.6121],[73.0864,-0.612],[73.0863,-0.6118],[73.0863,-0.6118],[73.0862,-0.6118],[73.0862,-0.6117],[73.0863,-0.6117],[73.0862,-0.6116],[73.0862,-0.6116],[73.0862,-0.6115],[73.0862,-0.6114],[73.0861,-0.6114],[73.0861,-0.6113],[73.0861,-0.6113],[73.086,-0.6112],[73.0859,-0.611],[73.0859,-0.6108],[73.0858,-0.6106],[73.0857,-0.6104],[73.0856,-0.6102],[73.0856,-0.6101],[73.0856,-0.61],[73.0855,-0.61],[73.0854,-0.6097],[73.0852,-0.6094],[73.0851,-0.6092],[73.085,-0.6089],[73.0849,-0.6087],[73.0847,-0.6085],[73.0846,-0.6082],[73.0845,-0.608],[73.0844,-0.6078],[73.0843,-0.6075],[73.0842,-0.6073],[73.0842,-0.6072],[73.0842,-0.6071],[73.0841,-0.6071],[73.0841,-0.6069],[73.084,-0.6068],[73.0839,-0.6067],[73.0839,-0.6065],[73.0838,-0.6063],[73.0836,-0.6059],[73.0834,-0.6056],[73.0834,-0.6055],[73.0833,-0.6054],[73.0833,-0.6053],[73.0833,-0.6052],[73.0832,-0.6051],[73.0832,-0.6051],[73.0832,-0.605],[73.0831,-0.6048],[73.0831,-0.6047],[73.083,-0.6045],[73.0829,-0.6044],[73.0829,-0.6043],[73.0828,-0.6042],[73.0827,-0.604],[73.0826,-0.604],[73.0826,-0.6039],[73.0825,-0.6039],[73.0825,-0.6038],[73.0825,-0.6039],[73.0825,-0.6038],[73.0825,-0.6037],[73.0824,-0.6037],[73.0824,-0.6035],[73.0823,-0.6034],[73.0822,-0.6032],[73.0822,-0.6031],[73.0821,-0.6029],[73.082,-0.6028],[73.0819,-0.6027],[73.0819,-0.6026],[73.0819,-0.6025],[73.0819,-0.6024],[73.0818,-0.6023],[73.0818,-0.6021],[73.0817,-0.602],[73.0817,-0.602],[73.0817,-0.602],[73.0817,-0.6019],[73.0817,-0.6019],[73.0817,-0.6018],[73.0816,-0.6017],[73.0816,-0.6016],[73.0816,-0.6016],[73.0816,-0.6016],[73.0816,-0.6015],[73.0815,-0.6013],[73.0814,-0.6013],[73.0814,-0.6013],[73.0813,-0.6012],[73.0812,-0.6011],[73.0812,-0.601],[73.0811,-0.6009],[73.0811,-0.6007],[73.0809,-0.6005],[73.0808,-0.6005],[73.0808,-0.6004],[73.0808,-0.6004],[73.0808,-0.6004],[73.0808,-0.6003],[73.0807,-0.6003],[73.0806,-0.6],[73.0805,-0.5998],[73.0804,-0.5997],[73.0804,-0.5996],[73.0803,-0.5996],[73.0803,-0.5996],[73.0803,-0.5996],[73.0802,-0.5994],[73.0801,-0.5992],[73.0801,-0.599],[73.0801,-0.5989],[73.0801,-0.5989],[73.08,-0.5987],[73.08,-0.5986],[73.0799,-0.5986],[73.0799,-0.5986],[73.0799,-0.5985],[73.0799,-0.5985],[73.0799,-0.5985],[73.0799,-0.5984],[73.0799,-0.5984],[73.0798,-0.5982],[73.0797,-0.598],[73.0795,-0.5976],[73.0795,-0.5974],[73.0794,-0.5973],[73.0794,-0.5972],[73.0793,-0.597],[73.0793,-0.5969],[73.0793,-0.5969],[73.0793,-0.5968],[73.0794,-0.5968],[73.0793,-0.5966],[73.0793,-0.5965],[73.0792,-0.5964],[73.0792,-0.5963],[73.0792,-0.5962],[73.0792,-0.5962],[73.0792,-0.5961],[73.0792,-0.5961],[73.0791,-0.596],[73.0791,-0.596],[73.0791,-0.5959],[73.0791,-0.5959],[73.0791,-0.5959],[73.0791,-0.5959],[73.0791,-0.5959],[73.0791,-0.5957],[73.079,-0.5957],[73.079,-0.5957],[73.079,-0.5957],[73.0789,-0.5955],[73.0789,-0.5955],[73.0789,-0.5953],[73.0789,-0.5953],[73.0788,-0.5952],[73.0787,-0.595],[73.0786,-0.5948],[73.0784,-0.5946],[73.0784,-0.5945],[73.0784,-0.5945],[73.0784,-0.5944],[73.0784,-0.5944],[73.0784,-0.5944],[73.0784,-0.5943],[73.0783,-0.5942],[73.0782,-0.5942],[73.0781,-0.594],[73.078,-0.5939],[73.0779,-0.5937],[73.0779,-0.5936],[73.0778,-0.5935],[73.0777,-0.5935],[73.0776,-0.5933],[73.0776,-0.5933],[73.0776,-0.5933],[73.0776,-0.5932],[73.0776,-0.5932],[73.0775,-0.5931],[73.0774,-0.5929],[73.0773,-0.5928],[73.0772,-0.5926],[73.0771,-0.5924],[73.0771,-0.5923],[73.0771,-0.5923],[73.0769,-0.592],[73.0768,-0.5918],[73.0767,-0.5915],[73.0765,-0.5911],[73.0764,-0.5909],[73.0763,-0.5907],[73.0762,-0.5906],[73.0762,-0.5906],[73.0761,-0.5905],[73.0761,-0.5905],[73.0761,-0.5905],[73.076,-0.5905],[73.076,-0.5905],[73.076,-0.5904],[73.076,-0.5904],[73.076,-0.5902],[73.0761,-0.5896],[73.0761,-0.5893],[73.0761,-0.589],[73.0761,-0.5889],[73.0761,-0.5887],[73.0761,-0.5886],[73.076,-0.5885],[73.076,-0.5884],[73.076,-0.5881],[73.076,-0.5879],[73.076,-0.5878],[73.076,-0.5876],[73.076,-0.5874],[73.076,-0.5872],[73.0761,-0.5871],[73.0761,-0.587],[73.0761,-0.5868],[73.0761,-0.5867],[73.0761,-0.5865],[73.0761,-0.5862],[73.0762,-0.586],[73.0762,-0.5858],[73.0762,-0.5856],[73.0762,-0.5855],[73.0762,-0.5854],[73.0762,-0.585],[73.0762,-0.5847],[73.0762,-0.5845],[73.0763,-0.5844],[73.0763,-0.5842],[73.0763,-0.5841],[73.0764,-0.584],[73.0764,-0.5839],[73.0764,-0.5839],[73.0764,-0.5839],[73.0765,-0.5838],[73.0765,-0.5838],[73.0766,-0.5837],[73.0766,-0.5837],[73.0767,-0.5836],[73.0767,-0.5836],[73.0768,-0.5835],[73.0768,-0.5835],[73.0769,-0.5835],[73.0769,-0.5835],[73.077,-0.5835],[73.077,-0.5834],[73.0771,-0.5834],[73.0772,-0.5833],[73.0773,-0.5832],[73.0774,-0.5832],[73.0775,-0.5831],[73.0776,-0.5831],[73.0776,-0.5831],[73.0777,-0.583],[73.0778,-0.583],[73.0779,-0.583],[73.078,-0.583],[73.0781,-0.5829],[73.0782,-0.5829],[73.0782,-0.5828],[73.0783,-0.5828],[73.0784,-0.5827],[73.0784,-0.5827],[73.0785,-0.5827],[73.0786,-0.5827],[73.0787,-0.5827],[73.0788,-0.5826],[73.0789,-0.5826],[73.0789,-0.5826],[73.079,-0.5826],[73.0791,-0.5826],[73.0791,-0.5826],[73.0791,-0.5825],[73.0792,-0.5825],[73.0792,-0.5825],[73.0793,-0.5826],[73.0794,-0.5825],[73.0794,-0.5825],[73.0796,-0.5824],[73.0799,-0.5823],[73.0801,-0.5822],[73.0804,-0.5821],[73.0806,-0.582],[73.0808,-0.5819],[73.081,-0.5819],[73.081,-0.5818],[73.0811,-0.5818],[73.0811,-0.5817],[73.0812,-0.5817],[73.0812,-0.5817],[73.0812,-0.5817],[73.0813,-0.5817],[73.0813,-0.5816],[73.0814,-0.5816],[73.0815,-0.5815],[73.0816,-0.5815],[73.0817,-0.5814],[73.0818,-0.5814],[73.0819,-0.5813],[73.0819,-0.5813],[73.082,-0.5813],[73.082,-0.5813],[73.082,-0.5813],[73.0821,-0.5812],[73.0821,-0.5812],[73.0821,-0.5812],[73.0822,-0.5811],[73.0822,-0.5811],[73.0823,-0.5811],[73.0823,-0.5811],[73.0824,-0.581],[73.0825,-0.5809],[73.0826,-0.5809],[73.0827,-0.5808],[73.0827,-0.5808],[73.0828,-0.5807],[73.0828,-0.5807],[73.0829,-0.5807],[73.0829,-0.5807],[73.083,-0.5806],[73.083,-0.5806],[73.0831,-0.5805],[73.0831,-0.5805],[73.0832,-0.5805],[73.0833,-0.5804],[73.0834,-0.5804],[73.0835,-0.5803],[73.0835,-0.5802],[73.0836,-0.5802],[73.0837,-0.5802],[73.0838,-0.5802],[73.0838,-0.5801],[73.0839,-0.5801],[73.0839,-0.5801],[73.0839,-0.58],[73.084,-0.58],[73.084,-0.5799],[73.0841,-0.5798],[73.0842,-0.5798],[73.0843,-0.5798],[73.0844,-0.5797],[73.0845,-0.5797],[73.0846,-0.5796],[73.0848,-0.5796],[73.0849,-0.5795],[73.085,-0.5795],[73.0852,-0.5795],[73.0852,-0.5794],[73.0853,-0.5794],[73.0854,-0.5794],[73.0855,-0.5793],[73.0856,-0.5793],[73.0857,-0.5792],[73.0858,-0.5792],[73.0859,-0.5791],[73.0859,-0.5791],[73.086,-0.5791],[73.0861,-0.5791],[73.0862,-0.5791],[73.0862,-0.5791],[73.0863,-0.5791],[73.0864,-0.5791],[73.0865,-0.579],[73.0866,-0.579],[73.0868,-0.579],[73.0869,-0.5789],[73.087,-0.5789],[73.0872,-0.5789],[73.0876,-0.5788],[73.0877,-0.5787],[73.0879,-0.5787],[73.088,-0.5787],[73.0881,-0.5786],[73.0883,-0.5786],[73.0884,-0.5786],[73.0885,-0.5786],[73.0887,-0.5785],[73.0887,-0.5785],[73.0888,-0.5785],[73.0889,-0.5784],[73.0889,-0.5784],[73.089,-0.5784],[73.0891,-0.5784],[73.0892,-0.5785],[73.0893,-0.5785],[73.0894,-0.5785],[73.0895,-0.5785],[73.0896,-0.5785],[73.0896,-0.5785],[73.0896,-0.5784],[73.0897,-0.5784],[73.0897,-0.5785],[73.0898,-0.5785],[73.0898,-0.5786],[73.0899,-0.5786],[73.0899,-0.5787],[73.09,-0.5788],[73.09,-0.5788],[73.09,-0.5788],[73.0901,-0.5789],[73.0901,-0.5789],[73.0901,-0.579],[73.0901,-0.5791],[73.0901,-0.5792],[73.0901,-0.5794],[73.0901,-0.5795],[73.09,-0.5796],[73.09,-0.5796],[73.0899,-0.5796],[73.0899,-0.5796],[73.0899,-0.5796],[73.0899,-0.5796],[73.0899,-0.5795],[73.0898,-0.5795],[73.0898,-0.5795],[73.0898,-0.5795],[73.0898,-0.5794],[73.0898,-0.5793],[73.0898,-0.5793],[73.0897,-0.5793],[73.0897,-0.5792],[73.0898,-0.5792],[73.0898,-0.5792],[73.0898,-0.5792],[73.0898,-0.5791],[73.0898,-0.5791],[73.0897,-0.5791],[73.0897,-0.579],[73.0896,-0.5791],[73.0896,-0.5791],[73.0896,-0.5791],[73.0895,-0.5792],[73.0894,-0.5792],[73.0894,-0.5793],[73.0893,-0.5793],[73.0893,-0.5793],[73.0892,-0.5793],[73.0892,-0.5794],[73.0891,-0.5795],[73.089,-0.5796],[73.089,-0.5796],[73.089,-0.5797],[73.089,-0.5798],[73.089,-0.5798],[73.0889,-0.5798],[73.0889,-0.5799],[73.0889,-0.5799],[73.0889,-0.58],[73.0889,-0.58],[73.0889,-0.58],[73.0888,-0.5801],[73.0888,-0.5801],[73.0887,-0.5801],[73.0887,-0.5802],[73.0887,-0.5802],[73.0887,-0.5802],[73.0887,-0.5803],[73.0886,-0.5804],[73.0886,-0.5804],[73.0886,-0.5805],[73.0886,-0.5805],[73.0886,-0.5806],[73.0886,-0.5806],[73.0885,-0.5807],[73.0885,-0.5809],[73.0885,-0.581],[73.0885,-0.5811],[73.0885,-0.5812],[73.0885,-0.5813],[73.0885,-0.5814],[73.0885,-0.5815],[73.0885,-0.5816],[73.0885,-0.5817],[73.0885,-0.5818],[73.0885,-0.5818],[73.0885,-0.5819],[73.0885,-0.582],[73.0885,-0.5821],[73.0884,-0.5821],[73.0884,-0.5821],[73.0884,-0.5821],[73.0884,-0.5821],[73.0883,-0.5822],[73.0883,-0.5822],[73.0883,-0.5822],[73.0882,-0.5823],[73.0882,-0.5823],[73.0881,-0.5824],[73.0881,-0.5824],[73.088,-0.5825],[73.088,-0.5825],[73.088,-0.5825],[73.088,-0.5826],[73.0879,-0.5826],[73.0879,-0.5826],[73.0878,-0.5827],[73.0876,-0.5828],[73.0876,-0.5829],[73.0876,-0.5829],[73.0876,-0.583],[73.0875,-0.5831],[73.0875,-0.5832],[73.0875,-0.5832],[73.0875,-0.5834],[73.0875,-0.5835],[73.0875,-0.5835],[73.0875,-0.5836],[73.0875,-0.5837],[73.0875,-0.5837],[73.0875,-0.5838],[73.0875,-0.5838],[73.0875,-0.5838],[73.0874,-0.5838],[73.0874,-0.5838],[73.0874,-0.5838],[73.0873,-0.5838],[73.0873,-0.5838]]]},"properties":{"islandName":"Hithadhoo","atoll":"Seenu","capital":"Y","Area_ha":551.277865647,"slug":"addu-city"}},{"type":"Feature","geometry":{"type":"Polygon","coordinates":[[[73.0627,6.6341],[73.0628,6.6341],[73.0629,6.6341],[73.063,6.6341],[73.0632,6.6341],[73.0634,6.6341],[73.0635,6.6341],[73.0639,6.6341],[73.064,6.6341],[73.064,6.6341],[73.064,6.6341],[73.0641,6.634],[73.0642,6.634],[73.0642,6.634],[73.0644,6.6341],[73.0645,6.6341],[73.0648,6.6341],[73.0649,6.6342],[73.0651,6.6342],[73.0653,6.6342],[73.0655,6.6342],[73.0658,6.6342],[73.066,6.6341],[73.0662,6.634],[73.0664,6.634],[73.0666,6.6339],[73.0669,6.6338],[73.067,6.6337],[73.0672,6.6336],[73.0674,6.6335],[73.0676,6.6333],[73.0678,6.6332],[73.068,6.6331],[73.0682,6.633],[73.0684,6.6328],[73.0686,6.6327],[73.0687,6.6325],[73.0689,6.6324],[73.0692,6.6323],[73.0694,6.6322],[73.0697,6.6319],[73.0698,6.6318],[73.0699,6.6317],[73.07,6.6315],[73.0702,6.6314],[73.0703,6.6313],[73.0705,6.6312],[73.0706,6.6311],[73.0708,6.6308],[73.0709,6.6308],[73.071,6.6307],[73.0711,6.6306],[73.0711,6.6306],[73.0712,6.6305],[73.0712,6.6304],[73.0713,6.6303],[73.0714,6.6302],[73.0715,6.6301],[73.0716,6.63],[73.0717,6.6299],[73.0718,6.6298],[73.072,6.6297],[73.072,6.6297],[73.0722,6.6296],[73.0725,6.6294],[73.0729,6.6292],[73.0732,6.6291],[73.0734,6.6289],[73.0735,6.6287],[73.0737,6.6285],[73.0737,6.6283],[73.0739,6.6282],[73.0739,6.628],[73.0741,6.6276],[73.0742,6.6275],[73.0742,6.6273],[73.0743,6.6273],[73.0743,6.6271],[73.0744,6.627],[73.0744,6.627],[73.0745,6.6269],[73.0745,6.6268],[73.0746,6.6268],[73.0747,6.6267],[73.0747,6.6265],[73.0748,6.6264],[73.0749,6.6262],[73.0749,6.6261],[73.075,6.626],[73.075,6.6258],[73.0751,6.6257],[73.0751,6.6256],[73.0752,6.6255],[73.0752,6.6253],[73.0753,6.6251],[73.0753,6.6249],[73.0754,6.6248],[73.0754,6.6246],[73.0754,6.6246],[73.0755,6.6245],[73.0755,6.6244],[73.0755,6.6243],[73.0755,6.6241],[73.0756,6.6241],[73.0756,6.624],[73.0757,6.6238],[73.0757,6.6237],[73.0757,6.6236],[73.0757,6.6235],[73.0758,6.6232],[73.0758,6.6231],[73.0758,6.6227],[73.0758,6.6225],[73.0758,6.6223],[73.0758,6.6223],[73.0758,6.6222],[73.0758,6.6221],[73.0758,6.622],[73.0758,6.6219],[73.0758,6.6216],[73.0758,6.6215],[73.0758,6.6213],[73.0758,6.621],[73.0758,6.6208],[73.0758,6.6207],[73.0757,6.6206],[73.0757,6.6205],[73.0757,6.6203],[73.0756,6.62],[73.0756,6.6198],[73.0756,6.6197],[73.0755,6.6192],[73.0754,6.619],[73.0754,6.6189],[73.0754,6.6187],[73.0753,6.6185],[73.0752,6.6184],[73.0751,6.618],[73.0751,6.6179],[73.075,6.6177],[73.075,6.6176],[73.0749,6.6175],[73.0749,6.6173],[73.0748,6.6169],[73.0747,6.6168],[73.0747,6.6167],[73.0746,6.6165],[73.0746,6.6164],[73.0746,6.6164],[73.0745,6.6162],[73.0745,6.6161],[73.0744,6.6159],[73.0744,6.6159],[73.0744,6.6158],[73.0743,6.6157],[73.0743,6.6156],[73.0743,6.6156],[73.0742,6.6155],[73.0742,6.6154],[73.0741,6.6152],[73.0741,6.6151],[73.074,6.6149],[73.0739,6.6148],[73.0739,6.6147],[73.0739,6.6146],[73.0739,6.6146],[73.0739,6.6145],[73.0732,6.6135],[73.0727,6.6131],[73.0725,6.6129],[73.0721,6.6126],[73.0716,6.6122],[73.0715,6.6122],[73.0713,6.6122],[73.0711,6.6122],[73.0709,6.6122],[73.0707,6.6123],[73.0705,6.6124],[73.0704,6.6125],[73.0702,6.6126],[73.0701,6.6127],[73.0699,6.613],[73.0698,6.6131],[73.0697,6.6132],[73.0697,6.6132],[73.0696,6.6133],[73.0695,6.6135],[73.0694,6.6135],[73.0692,6.6136],[73.0691,6.6136],[73.0689,6.6136],[73.0687,6.6136],[73.0687,6.6136],[73.0686,6.6136],[73.0685,6.6135],[73.0684,6.6135],[73.0683,6.6134],[73.0683,6.6134],[73.0683,6.6133],[73.0683,6.6132],[73.0684,6.6131],[73.0684,6.6131],[73.0683,6.613],[73.0682,6.613],[73.0682,6.613],[73.0682,6.613],[73.0681,6.613],[73.0681,6.613],[73.0681,6.6131],[73.068,6.6131],[73.0658,6.614],[73.0657,6.6141],[73.0649,6.6147],[73.0649,6.6147],[73.0649,6.6147],[73.0649,6.6147],[73.0649,6.6147],[73.0649,6.6148],[73.0649,6.6148],[73.0649,6.6148],[73.0649,6.6148],[73.0655,6.6144],[73.0656,6.6145],[73.0666,6.6158],[73.0666,6.6159],[73.0669,6.6163],[73.0669,6.6164],[73.0667,6.6165],[73.0667,6.6165],[73.0666,6.6166],[73.0665,6.6167],[73.0665,6.6167],[73.0665,6.6167],[73.0665,6.6168],[73.0664,6.6168],[73.0664,6.6168],[73.0664,6.6168],[73.0663,6.6169],[73.0663,6.6169],[73.0662,6.617],[73.0661,6.617],[73.0661,6.617],[73.066,6.617],[73.066,6.617],[73.066,6.617],[73.066,6.617],[73.066,6.6169],[73.066,6.6169],[73.0659,6.6169],[73.0659,6.6169],[73.0659,6.617],[73.0658,6.617],[73.0657,6.617],[73.0656,6.617],[73.0656,6.617],[73.0655,6.6169],[73.0654,6.6169],[73.0652,6.6169],[73.0651,6.6169],[73.0651,6.6169],[73.065,6.6169],[73.0649,6.6169],[73.0646,6.6168],[73.0645,6.6168],[73.0645,6.6168],[73.0645,6.6168],[73.0644,6.6168],[73.0644,6.6168],[73.0644,6.6169],[73.0641,6.6172],[73.0641,6.6173],[73.0641,6.6173],[73.064,6.6173],[73.064,6.6174],[73.064,6.6174],[73.064,6.6174],[73.0639,6.6174],[73.0639,6.6174],[73.0638,6.6174],[73.0638,6.6174],[73.0638,6.6174],[73.0638,6.6174],[73.0637,6.6175],[73.0637,6.6176],[73.0637,6.6176],[73.0637,6.6177],[73.0638,6.6176],[73.0638,6.6177],[73.0651,6.618],[73.065,6.6187],[73.065,6.6187],[73.065,6.6188],[73.065,6.6188],[73.065,6.6188],[73.065,6.6189],[73.065,6.6189],[73.065,6.619],[73.065,6.6191],[73.0649,6.6191],[73.0649,6.6192],[73.0649,6.6193],[73.0648,6.6193],[73.0648,6.6193],[73.0648,6.6193],[73.0647,6.6193],[73.0646,6.6193],[73.0646,6.6194],[73.0645,6.6196],[73.0646,6.6197],[73.0646,6.6199],[73.0645,6.62],[73.0645,6.62],[73.0645,6.6201],[73.0645,6.6201],[73.0645,6.6202],[73.0645,6.6203],[73.0645,6.6203],[73.0644,6.6204],[73.0644,6.6204],[73.0644,6.6205],[73.0644,6.6205],[73.0644,6.6206],[73.0644,6.6206],[73.0644,6.6207],[73.0644,6.6207],[73.0644,6.6208],[73.0644,6.6208],[73.0643,6.6208],[73.0642,6.6208],[73.0641,6.6207],[73.0641,6.6207],[73.064,6.6207],[73.0639,6.6207],[73.0638,6.6206],[73.0638,6.6206],[73.0637,6.6206],[73.0636,6.6206],[73.0635,6.6206],[73.0634,6.6206],[73.0633,6.6206],[73.0633,6.6206],[73.0632,6.6205],[73.0632,6.6204],[73.0633,6.6204],[73.0633,6.6204],[73.0633,6.6203],[73.0633,6.6203],[73.0633,6.6202],[73.0633,6.6201],[73.0633,6.62],[73.0634,6.6199],[73.0634,6.6198],[73.0634,6.6197],[73.0634,6.6197],[73.0634,6.6195],[73.0634,6.6194],[73.0635,6.6193],[73.0635,6.6192],[73.0635,6.6191],[73.0635,6.619],[73.0634,6.619],[73.0627,6.6186],[73.0627,6.6185],[73.0626,6.6186],[73.0626,6.6186],[73.0627,6.6186],[73.0627,6.6186],[73.0628,6.6187],[73.063,6.6188],[73.0632,6.619],[73.0634,6.6191],[73.0634,6.6193],[73.0634,6.6194],[73.0633,6.6196],[73.0633,6.6198],[73.0633,6.6199],[73.0633,6.62],[73.0632,6.6202],[73.0632,6.6203],[73.0632,6.6203],[73.0632,6.6205],[73.0631,6.6206],[73.0631,6.6207],[73.0632,6.6207],[73.0633,6.6207],[73.0633,6.6207],[73.0633,6.6207],[73.0633,6.6207],[73.0634,6.6207],[73.0635,6.6207],[73.0636,6.6207],[73.0637,6.6208],[73.0637,6.6208],[73.0637,6.6208],[73.0638,6.6208],[73.0638,6.6208],[73.0638,6.6208],[73.0639,6.6209],[73.0639,6.6208],[73.064,6.6209],[73.0641,6.6209],[73.0642,6.6209],[73.0643,6.621],[73.0643,6.621],[73.0644,6.6211],[73.0644,6.6212],[73.0644,6.6214],[73.0644,6.6214],[73.0644,6.6215],[73.0644,6.6215],[73.0644,6.6216],[73.0644,6.6216],[73.0644,6.6218],[73.0644,6.6219],[73.0644,6.622],[73.0644,6.622],[73.0643,6.6221],[73.0643,6.6221],[73.0643,6.6222],[73.0643,6.6222],[73.0643,6.6222],[73.0643,6.6223],[73.0643,6.6223],[73.0643,6.6223],[73.0643,6.6224],[73.0643,6.6225],[73.0642,6.6227],[73.0642,6.6228],[73.0641,6.6229],[73.064,6.6229],[73.064,6.6229],[73.0639,6.6229],[73.0639,6.6229],[73.0639,6.6229],[73.0639,6.6229],[73.0638,6.6229],[73.0637,6.6229],[73.0636,6.6229],[73.0636,6.6229],[73.0636,6.6229],[73.0635,6.6229],[73.0635,6.6228],[73.0634,6.6228],[73.0634,6.6228],[73.0634,6.6228],[73.0633,6.6228],[73.0632,6.6228],[73.0632,6.6228],[73.0631,6.6228],[73.0631,6.6228],[73.0631,6.6228],[73.0631,6.6229],[73.0631,6.6229],[73.063,6.623],[73.063,6.623],[73.063,6.6231],[73.063,6.6231],[73.063,6.6232],[73.063,6.6232],[73.063,6.6232],[73.063,6.6232],[73.0629,6.6232],[73.0629,6.6233],[73.0629,6.6233],[73.0629,6.6233],[73.0629,6.6234],[73.0629,6.6237],[73.0639,6.6239],[73.0633,6.6266],[73.0634,6.6266],[73.0635,6.6266],[73.0635,6.6266],[73.0636,6.6266],[73.0637,6.6267],[73.0637,6.6267],[73.0638,6.6267],[73.0639,6.6267],[73.0639,6.6267],[73.064,6.6268],[73.064,6.6268],[73.064,6.6269],[73.064,6.627],[73.064,6.6272],[73.064,6.6272],[73.064,6.6273],[73.0639,6.6274],[73.0638,6.6275],[73.0638,6.6276],[73.0638,6.6276],[73.0637,6.6276],[73.0637,6.6276],[73.0637,6.6278],[73.0637,6.6278],[73.0637,6.6279],[73.0637,6.6279],[73.0636,6.628],[73.0636,6.6281],[73.0635,6.6281],[73.0635,6.6281],[73.0634,6.6282],[73.0634,6.6282],[73.0634,6.6284],[73.0633,6.6284],[73.0631,6.6284],[73.063,6.6284],[73.0624,6.6283],[73.0624,6.6277],[73.0624,6.6267],[73.0624,6.6264],[73.0623,6.6258],[73.0617,6.6255],[73.0616,6.6254],[73.0615,6.6254],[73.0616,6.6255],[73.0623,6.6258],[73.0623,6.6262],[73.0624,6.6267],[73.0623,6.6272],[73.0623,6.6277],[73.0624,6.6284],[73.0629,6.6284],[73.0629,6.6285],[73.0629,6.6285],[73.063,6.6286],[73.0631,6.6286],[73.0632,6.6286],[73.0633,6.6287],[73.0633,6.6287],[73.0633,6.6288],[73.0633,6.6288],[73.0634,6.6289],[73.0634,6.6289],[73.0635,6.629],[73.0635,6.629],[73.0636,6.6291],[73.0636,6.6292],[73.0636,6.6293],[73.0636,6.6295],[73.0636,6.6295],[73.0636,6.6296],[73.0635,6.6296],[73.0634,6.6296],[73.0634,6.6296],[73.0634,6.6296],[73.0634,6.6297],[73.0634,6.6297],[73.0633,6.6298],[73.0633,6.6298],[73.0633,6.6299],[73.0633,6.63],[73.0633,6.63],[73.0633,6.6301],[73.0633,6.6301],[73.0633,6.6302],[73.0633,6.6303],[73.0633,6.6304],[73.0633,6.6304],[73.0633,6.6305],[73.0632,6.6306],[73.0632,6.6307],[73.0632,6.6307],[73.0632,6.6308],[73.0632,6.6309],[73.0632,6.6309],[73.0632,6.6309],[73.0632,6.6309],[73.0632,6.631],[73.0632,6.631],[73.0632,6.631],[73.0631,6.6311],[73.0631,6.6311],[73.0631,6.6312],[73.0631,6.6312],[73.0631,6.6313],[73.0631,6.6313],[73.0631,6.6313],[73.0631,6.6313],[73.0631,6.6314],[73.0631,6.6314],[73.0631,6.6315],[73.0631,6.6315],[73.063,6.6316],[73.0629,6.6317],[73.0629,6.6317],[73.0629,6.6317],[73.0628,6.6318],[73.0627,6.6318],[73.0627,6.6319],[73.0626,6.632],[73.0625,6.632],[73.0625,6.6321],[73.0624,6.6321],[73.0623,6.6322],[73.0623,6.6322],[73.0623,6.6322],[73.0622,6.6322],[73.0621,6.6321],[73.0621,6.6321],[73.0621,6.6321],[73.0621,6.6321],[73.062,6.6321],[73.062,6.6322],[73.0619,6.6322],[73.0619,6.6323],[73.0619,6.6323],[73.0619,6.6324],[73.0619,6.6325],[73.0619,6.6325],[73.0619,6.6325],[73.0619,6.6325],[73.0619,6.6326],[73.062,6.6326],[73.062,6.6327],[73.062,6.6327],[73.062,6.6327],[73.0621,6.6328],[73.0621,6.6329],[73.0621,6.633],[73.0621,6.633],[73.0621,6.6331],[73.0621,6.6331],[73.0621,6.6332],[73.0621,6.6333],[73.0621,6.6333],[73.0621,6.6334],[73.0622,6.6334],[73.0622,6.6335],[73.0622,6.6335],[73.0622,6.6336],[73.0623,6.6336],[73.0623,6.6336],[73.0624,6.6337],[73.0624,6.6337],[73.0624,6.6337],[73.0624,6.6338],[73.0625,6.6338],[73.0625,6.6338],[73.0625,6.6338],[73.0626,6.6338],[73.0626,6.6339],[73.0626,6.6339],[73.0627,6.6339],[73.0627,6.634],[73.0627,6.634],[73.0626,6.634],[73.0626,6.6341],[73.0627,6.6341],[73.0627,6.6341]]]},"properties":{"islandName":"Kulhudhuffushi","atoll":"Haa Dhaalu","capital":"Y","Area_ha":252.112262452,"slug":"kulhudhuffushi"}},{"type":"Feature","geometry":{"type":"Polygon","coordinates":[[[73.4386,-0.3112],[73.438,-0.3116],[73.4374,-0.3117],[73.4366,-0.3119],[73.4359,-0.312],[73.4355,-0.312],[73.4346,-0.3119],[73.4338,-0.3119],[73.4332,-0.3118],[73.4327,-0.3117],[73.4322,-0.3116],[73.4318,-0.3114],[73.4318,-0.3114],[73.4313,-0.3112],[73.4309,-0.311],[73.4305,-0.3109],[73.4301,-0.3108],[73.4299,-0.3107],[73.4295,-0.3104],[73.429,-0.3101],[73.4289,-0.3099],[73.4287,-0.3098],[73.4283,-0.3094],[73.428,-0.309],[73.4277,-0.3088],[73.4274,-0.3084],[73.4271,-0.3079],[73.4268,-0.3074],[73.4267,-0.3073],[73.4265,-0.3071],[73.4263,-0.3067],[73.426,-0.3063],[73.4256,-0.3056],[73.4254,-0.305],[73.4251,-0.3045],[73.4248,-0.304],[73.4247,-0.3037],[73.4245,-0.3034],[73.4244,-0.303],[73.4243,-0.3026],[73.4242,-0.3024],[73.4242,-0.3022],[73.4241,-0.3022],[73.4241,-0.3021],[73.4241,-0.3021],[73.4241,-0.3021],[73.4241,-0.302],[73.4241,-0.302],[73.424,-0.302],[73.4239,-0.3018],[73.4238,-0.3015],[73.4236,-0.3013],[73.4236,-0.3012],[73.4235,-0.3012],[73.4235,-0.301],[73.4234,-0.3009],[73.4232,-0.3007],[73.4231,-0.3005],[73.423,-0.3003],[73.4228,-0.3001],[73.4228,-0.3001],[73.4227,-0.3],[73.4225,-0.2998],[73.4225,-0.2997],[73.4225,-0.2997],[73.4225,-0.2996],[73.4224,-0.2994],[73.4223,-0.2993],[73.4222,-0.2993],[73.4221,-0.2991],[73.422,-0.299],[73.422,-0.299],[73.422,-0.299],[73.422,-0.2989],[73.422,-0.2989],[73.422,-0.2989],[73.422,-0.2988],[73.422,-0.2988],[73.4219,-0.2988],[73.4219,-0.2988],[73.4219,-0.2987],[73.4219,-0.2987],[73.4219,-0.2987],[73.4219,-0.2987],[73.4219,-0.2986],[73.4218,-0.2986],[73.4218,-0.2985],[73.4218,-0.2985],[73.4218,-0.2985],[73.4217,-0.2985],[73.4217,-0.2984],[73.4217,-0.2984],[73.4217,-0.2984],[73.4217,-0.2984],[73.4216,-0.2984],[73.4216,-0.2983],[73.4216,-0.2983],[73.4215,-0.2983],[73.4215,-0.2983],[73.4215,-0.2983],[73.4215,-0.2982],[73.4215,-0.2982],[73.4215,-0.2982],[73.4214,-0.2982],[73.4214,-0.2982],[73.4214,-0.2981],[73.4213,-0.2981],[73.4213,-0.2981],[73.4213,-0.298],[73.4212,-0.298],[73.4212,-0.2979],[73.4211,-0.2979],[73.4211,-0.2979],[73.421,-0.2977],[73.4207,-0.2975],[73.4205,-0.2973],[73.4203,-0.2971],[73.4201,-0.2969],[73.4199,-0.2967],[73.4198,-0.2965],[73.4198,-0.2965],[73.4198,-0.2965],[73.4197,-0.2965],[73.4196,-0.2963],[73.4195,-0.2962],[73.4193,-0.296],[73.4192,-0.2959],[73.4191,-0.2958],[73.4189,-0.2957],[73.4188,-0.2955],[73.4186,-0.2954],[73.4184,-0.2952],[73.4181,-0.295],[73.4179,-0.2949],[73.4178,-0.2948],[73.4176,-0.2947],[73.4175,-0.2946],[73.4173,-0.2945],[73.4172,-0.2944],[73.4171,-0.2944],[73.4169,-0.2943],[73.4169,-0.2942],[73.4167,-0.2942],[73.4165,-0.2941],[73.4163,-0.294],[73.4162,-0.2939],[73.4161,-0.2939],[73.4159,-0.2938],[73.4158,-0.2937],[73.4156,-0.2937],[73.4154,-0.2936],[73.4154,-0.2935],[73.4152,-0.2935],[73.4152,-0.2934],[73.4152,-0.2934],[73.415,-0.2933],[73.415,-0.2933],[73.415,-0.2933],[73.4148,-0.2932],[73.4148,-0.2932],[73.4147,-0.2931],[73.4146,-0.293],[73.4144,-0.2929],[73.4143,-0.2928],[73.4141,-0.2927],[73.4139,-0.2926],[73.4138,-0.2925],[73.4136,-0.2923],[73.4134,-0.2921],[73.4131,-0.2918],[73.413,-0.2917],[73.4129,-0.2916],[73.4129,-0.2916],[73.4129,-0.2916],[73.4128,-0.2916],[73.4128,-0.2915],[73.4128,-0.2915],[73.4128,-0.2915],[73.4128,-0.2915],[73.4128,-0.2915],[73.4128,-0.2915],[73.4128,-0.2915],[73.4128,-0.2915],[73.4127,-0.2915],[73.4127,-0.2915],[73.4127,-0.2915],[73.4127,-0.2915],[73.4127,-0.2915],[73.4127,-0.2915],[73.4127,-0.2914],[73.4127,-0.2914],[73.4127,-0.2914],[73.4127,-0.2914],[73.4127,-0.2914],[73.4127,-0.2914],[73.4126,-0.2914],[73.4126,-0.2914],[73.4126,-0.2913],[73.4125,-0.2913],[73.4125,-0.2913],[73.4125,-0.2912],[73.4124,-0.2912],[73.4124,-0.2911],[73.4124,-0.2911],[73.4123,-0.2911],[73.4123,-0.291],[73.4123,-0.291],[73.4123,-0.291],[73.4123,-0.291],[73.4123,-0.291],[73.4122,-0.2909],[73.4122,-0.2908],[73.4121,-0.2907],[73.4121,-0.2907],[73.4121,-0.2906],[73.4121,-0.2906],[73.412,-0.2906],[73.412,-0.2905],[73.412,-0.2905],[73.412,-0.2904],[73.4119,-0.2901],[73.4119,-0.29],[73.4119,-0.2899],[73.4117,-0.2897],[73.4116,-0.2894],[73.4115,-0.2892],[73.4113,-0.2891],[73.4112,-0.289],[73.411,-0.2889],[73.411,-0.2888],[73.4109,-0.2888],[73.4109,-0.2887],[73.4108,-0.2887],[73.4108,-0.2886],[73.4108,-0.2886],[73.4107,-0.2886],[73.4107,-0.2884],[73.4106,-0.2883],[73.4105,-0.2882],[73.4105,-0.288],[73.4104,-0.2876],[73.4103,-0.2872],[73.4102,-0.2869],[73.4102,-0.2867],[73.4103,-0.2865],[73.4103,-0.2864],[73.4104,-0.2863],[73.4103,-0.2859],[73.4103,-0.2855],[73.4103,-0.2852],[73.4103,-0.2847],[73.4103,-0.2843],[73.4103,-0.2841],[73.4105,-0.2837],[73.4106,-0.2834],[73.4108,-0.283],[73.411,-0.2827],[73.4112,-0.2824],[73.4114,-0.2822],[73.4114,-0.2821],[73.4116,-0.2819],[73.412,-0.2817],[73.4123,-0.2814],[73.4126,-0.2811],[73.413,-0.2808],[73.4134,-0.2805],[73.4136,-0.2804],[73.4138,-0.2802],[73.4141,-0.2798],[73.4143,-0.2796],[73.4148,-0.2791],[73.4152,-0.2787],[73.4155,-0.2783],[73.4157,-0.2781],[73.4158,-0.278],[73.4161,-0.2777],[73.4164,-0.2774],[73.4167,-0.2772],[73.4169,-0.2771],[73.417,-0.277],[73.4173,-0.277],[73.4175,-0.277],[73.4177,-0.277],[73.4179,-0.277],[73.418,-0.277],[73.4181,-0.277],[73.4183,-0.2771],[73.4183,-0.2772],[73.4184,-0.2773],[73.4185,-0.2773],[73.4186,-0.2774],[73.4186,-0.2774],[73.4187,-0.2775],[73.4188,-0.2775],[73.4189,-0.2777],[73.419,-0.2778],[73.4191,-0.2779],[73.4193,-0.2781],[73.4195,-0.2784],[73.4195,-0.2785],[73.4197,-0.2788],[73.4198,-0.279],[73.4198,-0.279],[73.4198,-0.2792],[73.4199,-0.2795],[73.4199,-0.2798],[73.42,-0.2801],[73.42,-0.2803],[73.4201,-0.2807],[73.4202,-0.281],[73.4203,-0.2813],[73.4204,-0.2817],[73.4206,-0.282],[73.4207,-0.2824],[73.4209,-0.2827],[73.421,-0.283],[73.4211,-0.2833],[73.4212,-0.2835],[73.4213,-0.2837],[73.4215,-0.284],[73.4217,-0.2843],[73.4218,-0.2846],[73.422,-0.2849],[73.4222,-0.2851],[73.4225,-0.2856],[73.4226,-0.2858],[73.4228,-0.2861],[73.423,-0.2864],[73.4231,-0.2866],[73.4234,-0.2869],[73.4236,-0.2872],[73.4238,-0.2874],[73.4239,-0.2876],[73.424,-0.2878],[73.4241,-0.288],[73.4242,-0.288],[73.4243,-0.2881],[73.4244,-0.2883],[73.4246,-0.2885],[73.4246,-0.2886],[73.4247,-0.2887],[73.4247,-0.2888],[73.4247,-0.2888],[73.4248,-0.2889],[73.4249,-0.2889],[73.4249,-0.289],[73.425,-0.289],[73.4252,-0.2893],[73.4254,-0.2895],[73.4256,-0.2898],[73.4258,-0.29],[73.4261,-0.2903],[73.4262,-0.2905],[73.4263,-0.2907],[73.4264,-0.2908],[73.4265,-0.2908],[73.4266,-0.2909],[73.4266,-0.291],[73.4267,-0.2911],[73.4268,-0.2913],[73.4268,-0.2913],[73.427,-0.2915],[73.4271,-0.2916],[73.4271,-0.2916],[73.4271,-0.2916],[73.4272,-0.2917],[73.4272,-0.2917],[73.4272,-0.2918],[73.4273,-0.2918],[73.4273,-0.2919],[73.4273,-0.2919],[73.4273,-0.292],[73.4274,-0.292],[73.4274,-0.292],[73.4274,-0.2921],[73.4274,-0.2921],[73.4274,-0.2921],[73.4274,-0.2921],[73.4275,-0.2922],[73.4275,-0.2922],[73.4275,-0.2923],[73.4276,-0.2923],[73.4276,-0.2923],[73.4276,-0.2924],[73.4277,-0.2924],[73.4277,-0.2925],[73.4277,-0.2925],[73.4278,-0.2926],[73.4278,-0.2926],[73.4278,-0.2926],[73.4279,-0.2926],[73.4279,-0.2926],[73.4279,-0.2927],[73.428,-0.2927],[73.428,-0.2928],[73.428,-0.2928],[73.4281,-0.2928],[73.4281,-0.2929],[73.4281,-0.2929],[73.4281,-0.2929],[73.4281,-0.293],[73.4281,-0.293],[73.4282,-0.293],[73.4282,-0.293],[73.4282,-0.293],[73.4282,-0.2931],[73.4282,-0.2931],[73.4282,-0.2931],[73.4282,-0.2931],[73.4283,-0.2931],[73.4283,-0.2932],[73.4283,-0.2932],[73.4283,-0.2932],[73.4284,-0.2933],[73.4284,-0.2933],[73.4285,-0.2934],[73.4285,-0.2935],[73.4285,-0.2935],[73.4285,-0.2935],[73.4285,-0.2935],[73.4286,-0.2935],[73.4286,-0.2935],[73.4286,-0.2936],[73.4286,-0.2936],[73.4287,-0.2937],[73.4287,-0.2937],[73.4288,-0.2937],[73.4288,-0.2937],[73.4289,-0.2938],[73.4289,-0.2939],[73.429,-0.2939],[73.4291,-0.294],[73.4292,-0.2942],[73.4294,-0.2943],[73.4296,-0.2945],[73.4297,-0.2946],[73.4299,-0.2947],[73.43,-0.2948],[73.4301,-0.2949],[73.4303,-0.295],[73.4305,-0.2951],[73.4306,-0.2952],[73.4307,-0.2953],[73.4307,-0.2953],[73.4307,-0.2953],[73.4307,-0.2953],[73.4307,-0.2953],[73.4308,-0.2953],[73.4308,-0.2954],[73.4308,-0.2954],[73.4309,-0.2955],[73.431,-0.2956],[73.4312,-0.2957],[73.4312,-0.2958],[73.4312,-0.2958],[73.4312,-0.2958],[73.4313,-0.2959],[73.4313,-0.2959],[73.4314,-0.296],[73.4315,-0.2961],[73.4315,-0.2961],[73.4315,-0.2961],[73.4316,-0.2961],[73.4316,-0.2962],[73.4317,-0.2962],[73.4317,-0.2962],[73.4317,-0.2963],[73.4318,-0.2963],[73.4318,-0.2963],[73.4319,-0.2964],[73.4319,-0.2964],[73.4319,-0.2964],[73.4319,-0.2964],[73.432,-0.2965],[73.432,-0.2965],[73.4321,-0.2965],[73.4321,-0.2965],[73.4321,-0.2965],[73.4321,-0.2965],[73.4322,-0.2966],[73.4322,-0.2966],[73.4322,-0.2966],[73.4323,-0.2967],[73.4323,-0.2967],[73.4323,-0.2967],[73.4324,-0.2967],[73.4324,-0.2967],[73.4324,-0.2968],[73.4324,-0.2968],[73.4325,-0.2968],[73.4325,-0.2969],[73.4325,-0.2969],[73.4326,-0.2969],[73.4326,-0.297],[73.4326,-0.297],[73.4326,-0.297],[73.4326,-0.297],[73.4327,-0.297],[73.4327,-0.2971],[73.4327,-0.2971],[73.4327,-0.2971],[73.4327,-0.2971],[73.4327,-0.2971],[73.4328,-0.2972],[73.4328,-0.2972],[73.4328,-0.2972],[73.4328,-0.2973],[73.4329,-0.2973],[73.4329,-0.2973],[73.4329,-0.2974],[73.433,-0.2974],[73.433,-0.2974],[73.433,-0.2975],[73.4331,-0.2975],[73.4331,-0.2976],[73.4331,-0.2976],[73.4331,-0.2976],[73.4332,-0.2976],[73.4332,-0.2976],[73.4332,-0.2977],[73.4332,-0.2977],[73.4333,-0.2978],[73.4333,-0.2978],[73.4333,-0.2978],[73.4333,-0.2978],[73.4334,-0.2979],[73.4334,-0.2979],[73.4334,-0.298],[73.4335,-0.298],[73.4335,-0.2981],[73.4336,-0.2982],[73.4336,-0.2983],[73.4337,-0.2983],[73.4337,-0.2984],[73.4337,-0.2984],[73.4338,-0.2985],[73.4339,-0.2986],[73.434,-0.2987],[73.434,-0.2987],[73.434,-0.2988],[73.4341,-0.2989],[73.4341,-0.2989],[73.4342,-0.299],[73.4344,-0.2993],[73.4346,-0.2995],[73.4347,-0.2997],[73.4347,-0.2998],[73.4349,-0.3001],[73.4351,-0.3002],[73.4352,-0.3004],[73.4353,-0.3004],[73.4353,-0.3005],[73.4361,-0.3015],[73.4366,-0.302],[73.4367,-0.3022],[73.4368,-0.3024],[73.4369,-0.3025],[73.4371,-0.3027],[73.4372,-0.3028],[73.4373,-0.303],[73.4375,-0.3032],[73.4376,-0.3033],[73.4377,-0.3034],[73.4378,-0.3035],[73.4379,-0.3036],[73.4379,-0.3036],[73.438,-0.3037],[73.438,-0.3037],[73.438,-0.3038],[73.438,-0.3038],[73.4381,-0.3039],[73.4381,-0.304],[73.4382,-0.304],[73.4382,-0.3041],[73.4384,-0.3043],[73.4386,-0.3044],[73.4387,-0.3045],[73.4387,-0.3046],[73.4388,-0.3047],[73.4389,-0.3048],[73.4389,-0.3049],[73.4389,-0.3049],[73.439,-0.305],[73.4391,-0.3051],[73.4394,-0.3054],[73.4395,-0.3054],[73.4396,-0.3056],[73.4397,-0.3058],[73.4399,-0.3059],[73.44,-0.3061],[73.4401,-0.3063],[73.4402,-0.3065],[73.4402,-0.3065],[73.4403,-0.3065],[73.4404,-0.3065],[73.4405,-0.3065],[73.4406,-0.3065],[73.4407,-0.3065],[73.4408,-0.3065],[73.4408,-0.3066],[73.4409,-0.3066],[73.4409,-0.3067],[73.4409,-0.3067],[73.4408,-0.3068],[73.4408,-0.3068],[73.4407,-0.3068],[73.4406,-0.3068],[73.4405,-0.3068],[73.4404,-0.3068],[73.4404,-0.3069],[73.4404,-0.307],[73.4404,-0.3071],[73.4404,-0.3074],[73.4404,-0.3075],[73.4405,-0.3076],[73.4405,-0.3077],[73.4406,-0.3079],[73.4406,-0.308],[73.4406,-0.3081],[73.4405,-0.3081],[73.4404,-0.3081],[73.4404,-0.3081],[73.4404,-0.3083],[73.4404,-0.3085],[73.4404,-0.3087],[73.4404,-0.3089],[73.4404,-0.3091],[73.4404,-0.3092],[73.4404,-0.3093],[73.4403,-0.3093],[73.4402,-0.3095],[73.44,-0.3097],[73.4399,-0.3099],[73.4398,-0.31],[73.4398,-0.3101],[73.4397,-0.3101],[73.4404,-0.3107],[73.4403,-0.3108],[73.4395,-0.3107],[73.4393,-0.3109],[73.4391,-0.311],[73.439,-0.311],[73.4389,-0.3111],[73.4386,-0.3112]]]},"properties":{"islandName":"Fuvahmulah","atoll":"Gnaviyani","capital":"Y","Area_ha":495.047468984,"slug":"fuvahmulah"}},{"type":"Feature","geometry":{"type":"Polygon","coordinates":[[[73.4787,5.8403],[73.4788,5.8404],[73.4788,5.8405],[73.4789,5.8405],[73.4789,5.8405],[73.479,5.8406],[73.4792,5.8407],[73.4793,5.8407],[73.4794,5.8408],[73.4796,5.8408],[73.4796,5.8408],[73.4798,5.8406],[73.48,5.8406],[73.48,5.8406],[73.4801,5.8406],[73.4803,5.8406],[73.4804,5.8405],[73.4805,5.8405],[73.4806,5.8405],[73.4808,5.8403],[73.4808,5.8403],[73.4809,5.8403],[73.481,5.8402],[73.4811,5.8402],[73.4811,5.8401],[73.4812,5.8401],[73.4812,5.8401],[73.4813,5.8401],[73.4813,5.84],[73.4814,5.84],[73.4814,5.8399],[73.4814,5.8399],[73.4814,5.8399],[73.4815,5.8399],[73.4815,5.8399],[73.4815,5.8399],[73.4815,5.8399],[73.4816,5.8399],[73.4816,5.8398],[73.4817,5.8398],[73.4817,5.8397],[73.4818,5.8397],[73.4818,5.8397],[73.4818,5.8396],[73.4819,5.8396],[73.482,5.8395],[73.482,5.8394],[73.482,5.8391],[73.482,5.8389],[73.4821,5.8388],[73.4821,5.8387],[73.4821,5.8386],[73.4822,5.8383],[73.4822,5.8381],[73.4822,5.838],[73.4822,5.8379],[73.4822,5.8378],[73.4822,5.8375],[73.4822,5.8374],[73.4822,5.8373],[73.4821,5.8372],[73.4821,5.8371],[73.4821,5.8369],[73.4821,5.8368],[73.4821,5.8367],[73.4821,5.8366],[73.4822,5.8365],[73.4822,5.8364],[73.4822,5.8363],[73.4822,5.8362],[73.4822,5.8362],[73.4822,5.8361],[73.4822,5.836],[73.4822,5.836],[73.4822,5.8359],[73.4822,5.8357],[73.4822,5.8357],[73.4821,5.8355],[73.4821,5.8354],[73.4821,5.8352],[73.4821,5.8351],[73.482,5.8348],[73.482,5.8346],[73.482,5.8346],[73.4819,5.8344],[73.4819,5.8343],[73.4819,5.8342],[73.4819,5.8342],[73.4819,5.834],[73.4818,5.8338],[73.4818,5.8337],[73.4818,5.8335],[73.4818,5.8334],[73.4817,5.8332],[73.4817,5.8331],[73.4816,5.833],[73.4816,5.8329],[73.4816,5.8328],[73.4816,5.8328],[73.4815,5.8327],[73.4815,5.8326],[73.4815,5.8325],[73.4814,5.8322],[73.4813,5.832],[73.4813,5.8318],[73.4813,5.8317],[73.4813,5.8315],[73.4813,5.8314],[73.4812,5.8311],[73.4812,5.831],[73.4812,5.8309],[73.4813,5.8309],[73.4814,5.8306],[73.4814,5.8305],[73.4814,5.8303],[73.4814,5.8302],[73.4815,5.8299],[73.4816,5.8297],[73.4816,5.8295],[73.4816,5.8293],[73.4816,5.8292],[73.4815,5.829],[73.4815,5.8289],[73.4815,5.8288],[73.4815,5.8287],[73.4815,5.8286],[73.4815,5.8286],[73.4816,5.8285],[73.4816,5.8285],[73.4816,5.8285],[73.4816,5.8284],[73.4817,5.8284],[73.4817,5.8284],[73.4817,5.8283],[73.4817,5.8283],[73.4816,5.8281],[73.4816,5.828],[73.4816,5.828],[73.4816,5.8279],[73.4816,5.8279],[73.4815,5.8279],[73.4815,5.8278],[73.4815,5.8278],[73.4815,5.8278],[73.4815,5.8277],[73.4815,5.8277],[73.4815,5.8277],[73.4815,5.8276],[73.4815,5.8276],[73.4815,5.8276],[73.4815,5.8276],[73.4815,5.8276],[73.4815,5.8276],[73.4815,5.8276],[73.4815,5.8276],[73.4815,5.8275],[73.4815,5.8275],[73.4815,5.8275],[73.4814,5.8275],[73.4814,5.8275],[73.4814,5.8275],[73.4814,5.8275],[73.4814,5.8275],[73.4814,5.8275],[73.4814,5.8274],[73.4814,5.8274],[73.4814,5.8274],[73.4814,5.8274],[73.4814,5.8274],[73.4814,5.8274],[73.4814,5.8274],[73.4814,5.8273],[73.4814,5.8273],[73.4814,5.8273],[73.4814,5.8273],[73.4814,5.8273],[73.4814,5.8273],[73.4813,5.8272],[73.4813,5.8272],[73.4813,5.8272],[73.4813,5.8272],[73.4813,5.8272],[73.4813,5.8272],[73.4813,5.8272],[73.4813,5.8272],[73.4813,5.8272],[73.4813,5.8271],[73.4813,5.8271],[73.4812,5.8271],[73.4812,5.8271],[73.4812,5.8271],[73.4812,5.827],[73.4812,5.827],[73.4812,5.827],[73.4812,5.827],[73.4812,5.827],[73.4812,5.827],[73.4812,5.8269],[73.4812,5.8269],[73.4812,5.8269],[73.4812,5.8269],[73.4812,5.8269],[73.4811,5.8269],[73.4811,5.8269],[73.4811,5.8269],[73.4811,5.8269],[73.4811,5.8269],[73.4811,5.8268],[73.4811,5.8268],[73.4811,5.8268],[73.4811,5.8267],[73.481,5.8267],[73.481,5.8266],[73.481,5.8266],[73.481,5.8265],[73.4809,5.8265],[73.4809,5.8265],[73.4809,5.8264],[73.4809,5.8264],[73.4809,5.8264],[73.4807,5.8262],[73.4806,5.8261],[73.4805,5.826],[73.4804,5.8258],[73.4803,5.8257],[73.4802,5.8256],[73.4801,5.8255],[73.48,5.8254],[73.4799,5.8253],[73.4798,5.8252],[73.4797,5.825],[73.4797,5.825],[73.4797,5.8249],[73.4795,5.8247],[73.4794,5.8246],[73.4794,5.8246],[73.4794,5.8245],[73.4794,5.8245],[73.4794,5.8244],[73.4793,5.8243],[73.4791,5.8242],[73.4791,5.8241],[73.479,5.8241],[73.4789,5.824],[73.4787,5.824],[73.4786,5.8238],[73.4785,5.8238],[73.4783,5.8237],[73.4782,5.8236],[73.4781,5.8235],[73.4781,5.8235],[73.478,5.8235],[73.478,5.8235],[73.4779,5.8235],[73.4779,5.8235],[73.4776,5.8233],[73.4774,5.823],[73.4772,5.8228],[73.4769,5.8225],[73.4768,5.8225],[73.4766,5.8224],[73.4765,5.8223],[73.4764,5.8222],[73.4761,5.8221],[73.4758,5.8219],[73.4756,5.8218],[73.4754,5.8216],[73.4752,5.8214],[73.475,5.8213],[73.4747,5.8211],[73.4745,5.8209],[73.4742,5.8207],[73.4738,5.8204],[73.4736,5.8202],[73.4732,5.8201],[73.473,5.8199],[73.4728,5.8197],[73.4724,5.8195],[73.472,5.8193],[73.4715,5.8189],[73.4711,5.8187],[73.4706,5.8184],[73.4704,5.8182],[73.4701,5.818],[73.4698,5.8178],[73.4694,5.8176],[73.4692,5.8174],[73.4689,5.8173],[73.4687,5.8171],[73.4684,5.8169],[73.4681,5.8167],[73.468,5.8166],[73.4679,5.8165],[73.4677,5.8164],[73.4676,5.8163],[73.4674,5.8162],[73.4673,5.8161],[73.4671,5.8159],[73.467,5.8159],[73.467,5.8159],[73.4669,5.8158],[73.4669,5.8157],[73.4668,5.8157],[73.4666,5.8156],[73.4665,5.8154],[73.4665,5.8154],[73.4664,5.8153],[73.4664,5.8152],[73.4664,5.8152],[73.4663,5.8152],[73.4662,5.8152],[73.4661,5.8152],[73.466,5.8151],[73.466,5.8151],[73.466,5.8151],[73.4659,5.8151],[73.4659,5.8151],[73.4659,5.815],[73.4658,5.815],[73.4658,5.815],[73.4657,5.815],[73.4657,5.815],[73.4657,5.815],[73.4656,5.815],[73.4656,5.815],[73.4654,5.8149],[73.4653,5.8148],[73.4652,5.8147],[73.4651,5.8146],[73.465,5.8145],[73.4649,5.8144],[73.4648,5.8143],[73.4647,5.8141],[73.4646,5.814],[73.4644,5.8138],[73.4643,5.8137],[73.4642,5.8137],[73.4642,5.8136],[73.4641,5.8136],[73.464,5.8135],[73.464,5.8135],[73.4638,5.8134],[73.4637,5.8133],[73.4635,5.8131],[73.4635,5.813],[73.4634,5.813],[73.4633,5.8129],[73.4633,5.8129],[73.4631,5.8127],[73.463,5.8126],[73.4629,5.8125],[73.4628,5.8123],[73.4625,5.8121],[73.4624,5.8121],[73.4623,5.8119],[73.4621,5.8118],[73.462,5.8117],[73.462,5.8116],[73.4618,5.8114],[73.4616,5.8112],[73.4614,5.8111],[73.4612,5.8109],[73.4611,5.8107],[73.461,5.8105],[73.4609,5.8104],[73.4608,5.8103],[73.4607,5.8102],[73.4606,5.8101],[73.4604,5.8099],[73.4603,5.8097],[73.4602,5.8096],[73.4601,5.8096],[73.46,5.8095],[73.46,5.8095],[73.46,5.8095],[73.4599,5.8095],[73.4599,5.8095],[73.4598,5.8095],[73.4598,5.8094],[73.4597,5.8094],[73.4597,5.8093],[73.4596,5.8093],[73.4596,5.8093],[73.4596,5.8093],[73.4595,5.8093],[73.4595,5.8093],[73.4594,5.8092],[73.4592,5.8091],[73.4591,5.809],[73.459,5.8088],[73.4588,5.8087],[73.4587,5.8086],[73.4586,5.8085],[73.4585,5.8084],[73.4585,5.8083],[73.4584,5.8082],[73.4583,5.8082],[73.4582,5.8081],[73.4581,5.808],[73.4579,5.8078],[73.4577,5.8077],[73.4577,5.8076],[73.4577,5.8076],[73.4575,5.8075],[73.4575,5.8075],[73.4575,5.8075],[73.4574,5.8075],[73.4574,5.8075],[73.4574,5.8074],[73.4573,5.8074],[73.4573,5.8074],[73.4573,5.8074],[73.4572,5.8074],[73.4572,5.8074],[73.4572,5.8073],[73.4571,5.8073],[73.4571,5.8073],[73.4571,5.8073],[73.4571,5.8073],[73.4571,5.8073],[73.4571,5.8073],[73.457,5.8074],[73.457,5.8074],[73.4569,5.8074],[73.4569,5.8075],[73.4568,5.8075],[73.4567,5.8075],[73.4566,5.8076],[73.4566,5.8076],[73.4565,5.8076],[73.4563,5.8076],[73.4562,5.8077],[73.4562,5.8077],[73.4561,5.8078],[73.4561,5.8078],[73.456,5.8079],[73.456,5.8079],[73.456,5.8079],[73.4559,5.808],[73.4559,5.808],[73.4559,5.808],[73.4558,5.808],[73.4558,5.808],[73.4558,5.8081],[73.4558,5.8081],[73.4558,5.8081],[73.4558,5.8081],[73.4558,5.8081],[73.4558,5.8081],[73.4557,5.8081],[73.4557,5.8081],[73.4557,5.8081],[73.4556,5.8082],[73.4556,5.8082],[73.4556,5.8082],[73.4556,5.8083],[73.4556,5.8083],[73.4556,5.8083],[73.4555,5.8083],[73.4555,5.8084],[73.4555,5.8084],[73.4555,5.8084],[73.4555,5.8084],[73.4555,5.8084],[73.4555,5.8084],[73.4555,5.8085],[73.4555,5.8085],[73.4555,5.8085],[73.4554,5.8085],[73.4554,5.8085],[73.4554,5.8085],[73.4554,5.8085],[73.4554,5.8086],[73.4554,5.8085],[73.4553,5.8086],[73.4553,5.8086],[73.4553,5.8086],[73.4553,5.8086],[73.4553,5.8086],[73.4553,5.8086],[73.4553,5.8086],[73.4552,5.8087],[73.4552,5.8087],[73.4552,5.8087],[73.4552,5.8087],[73.4553,5.8088],[73.4553,5.8088],[73.4553,5.8088],[73.4553,5.8088],[73.4552,5.8088],[73.4552,5.8089],[73.4552,5.8089],[73.4552,5.8089],[73.4553,5.809],[73.4553,5.809],[73.4553,5.809],[73.4554,5.809],[73.4555,5.809],[73.4556,5.809],[73.4556,5.809],[73.4557,5.809],[73.4557,5.8089],[73.4559,5.8089],[73.4559,5.8089],[73.456,5.8088],[73.4561,5.8088],[73.4562,5.8088],[73.4563,5.8087],[73.4564,5.8087],[73.4564,5.8087],[73.4565,5.8087],[73.4566,5.8087],[73.4566,5.8086],[73.4567,5.8086],[73.4569,5.8086],[73.457,5.8087],[73.4571,5.8087],[73.4572,5.8087],[73.4572,5.8087],[73.4575,5.8088],[73.4577,5.8089],[73.4577,5.8089],[73.4578,5.8089],[73.4579,5.8089],[73.4581,5.809],[73.4584,5.8093],[73.4586,5.8094],[73.4587,5.8095],[73.4589,5.8097],[73.459,5.8098],[73.459,5.8099],[73.459,5.8099],[73.4591,5.8099],[73.4592,5.8101],[73.4593,5.8102],[73.4591,5.8101],[73.4594,5.8103],[73.4595,5.8106],[73.4597,5.8108],[73.4598,5.811],[73.4599,5.8112],[73.46,5.8115],[73.4602,5.8118],[73.4602,5.8119],[73.4603,5.812],[73.4603,5.8121],[73.4604,5.8121],[73.4604,5.8121],[73.4603,5.8122],[73.4603,5.8122],[73.4602,5.8123],[73.4602,5.8124],[73.4601,5.8125],[73.4601,5.8125],[73.4601,5.8125],[73.4603,5.8127],[73.4604,5.8129],[73.4605,5.8131],[73.4607,5.8132],[73.4608,5.8133],[73.4609,5.8134],[73.461,5.8134],[73.461,5.8135],[73.461,5.8135],[73.4611,5.8135],[73.4611,5.8135],[73.4612,5.8136],[73.4614,5.8137],[73.4614,5.8137],[73.4615,5.8138],[73.4615,5.8138],[73.4615,5.8138],[73.4616,5.8139],[73.4616,5.8139],[73.4618,5.814],[73.4619,5.8141],[73.4619,5.8142],[73.462,5.8142],[73.462,5.8142],[73.4621,5.8143],[73.4621,5.8143],[73.4621,5.8143],[73.4621,5.8143],[73.4621,5.8143],[73.4621,5.8143],[73.4621,5.8143],[73.4621,5.8144],[73.4622,5.8144],[73.4622,5.8144],[73.4622,5.8144],[73.4622,5.8144],[73.4622,5.8144],[73.4622,5.8144],[73.4622,5.8144],[73.4622,5.8144],[73.4622,5.8144],[73.4623,5.8144],[73.4623,5.8144],[73.4623,5.8144],[73.4623,5.8144],[73.4623,5.8144],[73.4624,5.8145],[73.4624,5.8145],[73.4624,5.8145],[73.4624,5.8145],[73.4624,5.8145],[73.4624,5.8145],[73.4624,5.8145],[73.4624,5.8145],[73.4624,5.8144],[73.4625,5.8145],[73.4625,5.8145],[73.4625,5.8145],[73.4626,5.8146],[73.4626,5.8146],[73.4626,5.8147],[73.4627,5.8147],[73.4627,5.8147],[73.4628,5.8148],[73.4628,5.8148],[73.4628,5.8148],[73.4629,5.8148],[73.4629,5.8148],[73.4629,5.8148],[73.4629,5.8148],[73.4629,5.8148],[73.4629,5.8148],[73.463,5.8148],[73.463,5.8148],[73.4632,5.815],[73.4632,5.815],[73.4632,5.815],[73.4632,5.8151],[73.4633,5.8151],[73.4633,5.8152],[73.4633,5.8153],[73.4634,5.8153],[73.4634,5.8153],[73.4634,5.8154],[73.4635,5.8155],[73.4636,5.8155],[73.4637,5.8156],[73.4637,5.8156],[73.4638,5.8157],[73.4639,5.8157],[73.4639,5.8157],[73.4639,5.8157],[73.4639,5.8157],[73.464,5.8157],[73.464,5.8158],[73.4641,5.8158],[73.4642,5.8159],[73.4643,5.816],[73.4643,5.816],[73.4643,5.816],[73.4644,5.8161],[73.4644,5.8162],[73.4645,5.8163],[73.4645,5.8163],[73.4646,5.8164],[73.4646,5.8165],[73.4647,5.8165],[73.4648,5.8166],[73.4649,5.8167],[73.465,5.8168],[73.4651,5.8168],[73.4652,5.8169],[73.4653,5.8169],[73.4655,5.817],[73.4656,5.8171],[73.4656,5.8171],[73.4658,5.8172],[73.4659,5.8173],[73.466,5.8173],[73.4661,5.8174],[73.4661,5.8174],[73.4662,5.8174],[73.4662,5.8174],[73.4662,5.8174],[73.4662,5.8174],[73.4662,5.8174],[73.4662,5.8174],[73.4662,5.8174],[73.4662,5.8173],[73.4662,5.8173],[73.4662,5.8173],[73.4662,5.8173],[73.4662,5.8173],[73.4662,5.8173],[73.4662,5.8173],[73.4662,5.8173],[73.4663,5.8173],[73.4663,5.8173],[73.4663,5.8173],[73.4663,5.8173],[73.4663,5.8173],[73.4663,5.8173],[73.4664,5.8174],[73.4664,5.8174],[73.4664,5.8174],[73.4664,5.8174],[73.4664,5.8174],[73.4664,5.8174],[73.4664,5.8175],[73.4664,5.8175],[73.4664,5.8175],[73.4664,5.8175],[73.4664,5.8175],[73.4664,5.8175],[73.4664,5.8175],[73.4664,5.8176],[73.4664,5.8176],[73.4664,5.8176],[73.4664,5.8176],[73.4664,5.8176],[73.4665,5.8176],[73.4665,5.8176],[73.4665,5.8176],[73.4665,5.8176],[73.4665,5.8176],[73.4665,5.8176],[73.4665,5.8176],[73.4665,5.8176],[73.4665,5.8176],[73.4666,5.8176],[73.4666,5.8176],[73.4666,5.8176],[73.4666,5.8176],[73.4666,5.8176],[73.4666,5.8176],[73.4666,5.8176],[73.4666,5.8176],[73.4666,5.8176],[73.4666,5.8176],[73.4667,5.8176],[73.4667,5.8176],[73.4667,5.8176],[73.4667,5.8176],[73.4667,5.8176],[73.4667,5.8176],[73.4667,5.8176],[73.4667,5.8176],[73.4667,5.8177],[73.4667,5.8177],[73.4667,5.8177],[73.4667,5.8177],[73.4667,5.8177],[73.4667,5.8177],[73.4667,5.8177],[73.4668,5.8177],[73.4668,5.8177],[73.4668,5.8177],[73.4668,5.8177],[73.4668,5.8177],[73.4668,5.8177],[73.4668,5.8178],[73.4668,5.8178],[73.4668,5.8178],[73.4669,5.8178],[73.4669,5.8178],[73.4669,5.8178],[73.4669,5.8178],[73.4669,5.8178],[73.4669,5.8179],[73.4669,5.8179],[73.4669,5.8179],[73.4669,5.8179],[73.467,5.8179],[73.467,5.8179],[73.467,5.8179],[73.467,5.8179],[73.467,5.8179],[73.467,5.8179],[73.467,5.8179],[73.467,5.8179],[73.4671,5.8179],[73.4671,5.8179],[73.4671,5.8179],[73.4671,5.8179],[73.4671,5.8179],[73.4671,5.818],[73.4671,5.818],[73.4671,5.818],[73.4671,5.818],[73.4671,5.818],[73.4673,5.818],[73.4673,5.818],[73.4673,5.818],[73.4674,5.8181],[73.4675,5.8181],[73.4675,5.8181],[73.4675,5.8181],[73.4676,5.8182],[73.4676,5.8182],[73.4676,5.8182],[73.4676,5.8182],[73.4676,5.8182],[73.4678,5.8182],[73.4678,5.8183],[73.4678,5.8183],[73.4678,5.8183],[73.4678,5.8183],[73.4678,5.8183],[73.4678,5.8183],[73.4678,5.8183],[73.4678,5.8183],[73.4678,5.8183],[73.4679,5.8183],[73.4679,5.8184],[73.4682,5.8185],[73.4683,5.8186],[73.4683,5.8186],[73.4684,5.8186],[73.4684,5.8186],[73.4684,5.8186],[73.4684,5.8186],[73.4685,5.8186],[73.4686,5.8187],[73.4686,5.8187],[73.4686,5.8187],[73.4686,5.8187],[73.4686,5.8188],[73.4686,5.8188],[73.4686,5.8188],[73.4686,5.8188],[73.4686,5.8188],[73.4686,5.8188],[73.4687,5.8188],[73.4687,5.8188],[73.4687,5.8188],[73.4687,5.8188],[73.4687,5.8188],[73.4687,5.8188],[73.4687,5.8188],[73.4688,5.8188],[73.4688,5.8188],[73.4688,5.8188],[73.4688,5.8189],[73.4689,5.8189],[73.4689,5.819],[73.4689,5.819],[73.4689,5.819],[73.4689,5.819],[73.4689,5.819],[73.469,5.819],[73.469,5.819],[73.469,5.819],[73.469,5.819],[73.469,5.819],[73.469,5.819],[73.469,5.819],[73.469,5.819],[73.469,5.819],[73.469,5.819],[73.469,5.8191],[73.4691,5.8191],[73.4691,5.8191],[73.4691,5.8191],[73.4691,5.8191],[73.4691,5.8191],[73.4691,5.8191],[73.4691,5.8191],[73.4691,5.8191],[73.4692,5.8191],[73.4692,5.8191],[73.4692,5.8192],[73.4692,5.8192],[73.4692,5.8192],[73.4692,5.8192],[73.4693,5.8192],[73.4693,5.8192],[73.4693,5.8192],[73.4693,5.8192],[73.4693,5.8192],[73.4693,5.8192],[73.4693,5.8192],[73.4693,5.8192],[73.4693,5.8192],[73.4694,5.8192],[73.4694,5.8192],[73.4694,5.8192],[73.4694,5.8192],[73.4694,5.8192],[73.4694,5.8193],[73.4694,5.8193],[73.4694,5.8193],[73.4694,5.8193],[73.4694,5.8193],[73.4695,5.8193],[73.4695,5.8193],[73.4695,5.8193],[73.4695,5.8193],[73.4695,5.8193],[73.4695,5.8193],[73.4695,5.8193],[73.4695,5.8193],[73.4697,5.8194],[73.4697,5.8194],[73.4697,5.8194],[73.4697,5.8194],[73.4697,5.8194],[73.4698,5.8195],[73.4698,5.8195],[73.4698,5.8195],[73.4698,5.8195],[73.4698,5.8195],[73.4698,5.8195],[73.4698,5.8195],[73.4699,5.8195],[73.4699,5.8195],[73.4699,5.8196],[73.4699,5.8196],[73.4699,5.8196],[73.4699,5.8196],[73.4699,5.8196],[73.4699,5.8196],[73.4699,5.8196],[73.4699,5.8196],[73.4699,5.8196],[73.47,5.8196],[73.47,5.8197],[73.4701,5.8197],[73.4702,5.8198],[73.4702,5.8198],[73.4703,5.8199],[73.4703,5.8199],[73.4704,5.8199],[73.4704,5.8199],[73.4704,5.82],[73.4706,5.8201],[73.4707,5.8202],[73.4708,5.8203],[73.4709,5.8204],[73.471,5.8204],[73.471,5.8205],[73.471,5.8205],[73.471,5.8205],[73.4711,5.8206],[73.4711,5.8206],[73.4711,5.8206],[73.4712,5.8206],[73.4712,5.8206],[73.4712,5.8206],[73.4712,5.8206],[73.4712,5.8206],[73.4712,5.8206],[73.4712,5.8206],[73.4712,5.8207],[73.4712,5.8207],[73.4712,5.8207],[73.4712,5.8207],[73.4712,5.8207],[73.4712,5.8207],[73.4712,5.8207],[73.4712,5.8207],[73.4713,5.8207],[73.4713,5.8207],[73.4713,5.8207],[73.4713,5.8207],[73.4713,5.8207],[73.4713,5.8207],[73.4713,5.8207],[73.4713,5.8207],[73.4713,5.8208],[73.4713,5.8208],[73.4713,5.8208],[73.4713,5.8208],[73.4713,5.8208],[73.4714,5.8208],[73.4714,5.8208],[73.4714,5.8208],[73.4714,5.8208],[73.4714,5.8208],[73.4714,5.8208],[73.4714,5.8208],[73.4714,5.8208],[73.4714,5.8209],[73.4714,5.8209],[73.4714,5.8209],[73.4714,5.8209],[73.4714,5.8209],[73.4714,5.8209],[73.4714,5.8209],[73.4715,5.8209],[73.4715,5.8209],[73.4715,5.8209],[73.4715,5.8209],[73.4715,5.8209],[73.4715,5.821],[73.4716,5.821],[73.4716,5.821],[73.4716,5.821],[73.4716,5.821],[73.4716,5.821],[73.4716,5.821],[73.4716,5.821],[73.4716,5.821],[73.4716,5.821],[73.4716,5.821],[73.4716,5.821],[73.4716,5.821],[73.4716,5.821],[73.4716,5.8211],[73.4717,5.8211],[73.4717,5.8211],[73.4717,5.8211],[73.4717,5.8211],[73.4717,5.8211],[73.4717,5.8211],[73.4717,5.8211],[73.4717,5.8211],[73.4717,5.8212],[73.4717,5.8212],[73.4717,5.8212],[73.4717,5.8212],[73.4717,5.8212],[73.4717,5.8212],[73.4717,5.8212],[73.4718,5.8212],[73.4718,5.8212],[73.4718,5.8212],[73.4718,5.8212],[73.4718,5.8212],[73.4718,5.8212],[73.4719,5.8212],[73.4719,5.8213],[73.472,5.8214],[73.4721,5.8215],[73.4721,5.8215],[73.4721,5.8215],[73.4721,5.8215],[73.4722,5.8216],[73.4723,5.8217],[73.4724,5.8218],[73.4724,5.8218],[73.4724,5.8218],[73.4724,5.8219],[73.4725,5.8219],[73.4725,5.8219],[73.4725,5.8219],[73.4725,5.8219],[73.4726,5.822],[73.4726,5.822],[73.4726,5.8221],[73.4727,5.8221],[73.4727,5.8221],[73.4727,5.8221],[73.4728,5.8222],[73.4728,5.8222],[73.4728,5.8222],[73.4728,5.8222],[73.4729,5.8223],[73.4729,5.8223],[73.4729,5.8224],[73.473,5.8224],[73.473,5.8224],[73.473,5.8224],[73.473,5.8224],[73.473,5.8224],[73.473,5.8225],[73.473,5.8225],[73.473,5.8225],[73.473,5.8225],[73.473,5.8225],[73.473,5.8225],[73.4731,5.8226],[73.4731,5.8226],[73.4731,5.8226],[73.4731,5.8226],[73.4731,5.8226],[73.4731,5.8226],[73.4731,5.8226],[73.4731,5.8227],[73.4731,5.8227],[73.4732,5.8227],[73.4732,5.8227],[73.4732,5.8228],[73.4732,5.8229],[73.4733,5.8229],[73.4733,5.823],[73.4733,5.823],[73.4733,5.823],[73.4734,5.823],[73.4734,5.823],[73.4734,5.823],[73.4733,5.823],[73.4733,5.8231],[73.4733,5.8231],[73.4732,5.8231],[73.4732,5.8232],[73.4732,5.8232],[73.4732,5.8233],[73.4731,5.8233],[73.4731,5.8234],[73.4731,5.8234],[73.4731,5.8234],[73.4731,5.8234],[73.4731,5.8234],[73.4731,5.8234],[73.4731,5.8235],[73.4731,5.8235],[73.4731,5.8235],[73.4731,5.8235],[73.4731,5.8235],[73.473,5.8236],[73.473,5.8236],[73.473,5.8236],[73.473,5.8236],[73.4729,5.8236],[73.4729,5.8237],[73.4729,5.8237],[73.4729,5.8237],[73.4729,5.8237],[73.4729,5.8237],[73.4729,5.8237],[73.4729,5.8237],[73.4728,5.8238],[73.4728,5.8238],[73.4727,5.8239],[73.4726,5.8239],[73.4726,5.8239],[73.4725,5.824],[73.4725,5.824],[73.4725,5.824],[73.4725,5.824],[73.4725,5.824],[73.4725,5.8241],[73.4725,5.8241],[73.4724,5.8241],[73.4724,5.8241],[73.4724,5.8241],[73.4724,5.8241],[73.4724,5.8241],[73.4724,5.8241],[73.4724,5.8242],[73.4724,5.8242],[73.4723,5.8242],[73.4723,5.8242],[73.4723,5.8242],[73.4723,5.8243],[73.4723,5.8243],[73.4722,5.8243],[73.4722,5.8243],[73.4722,5.8244],[73.4721,5.8245],[73.4721,5.8245],[73.472,5.8245],[73.472,5.8246],[73.472,5.8246],[73.472,5.8246],[73.4719,5.8247],[73.4719,5.8247],[73.4718,5.8248],[73.4717,5.8249],[73.4717,5.825],[73.4716,5.8251],[73.4716,5.8251],[73.4715,5.8252],[73.4714,5.8253],[73.4713,5.8254],[73.4713,5.8254],[73.4712,5.8255],[73.4711,5.8256],[73.4711,5.8256],[73.471,5.8257],[73.471,5.8258],[73.4709,5.8258],[73.4709,5.8259],[73.4708,5.8259],[73.4708,5.8259],[73.4708,5.8259],[73.4708,5.826],[73.4708,5.826],[73.4707,5.826],[73.4707,5.826],[73.4707,5.8261],[73.4707,5.8261],[73.4706,5.8261],[73.4706,5.8261],[73.4706,5.8262],[73.4706,5.8262],[73.4705,5.8262],[73.4705,5.8262],[73.4705,5.8262],[73.4705,5.8262],[73.4705,5.8262],[73.4705,5.8262],[73.4705,5.8262],[73.4704,5.8262],[73.4704,5.8263],[73.4704,5.8263],[73.4704,5.8263],[73.4704,5.8263],[73.4704,5.8263],[73.4704,5.8264],[73.4705,5.8264],[73.4705,5.8264],[73.4705,5.8264],[73.4705,5.8264],[73.4705,5.8264],[73.4705,5.8264],[73.4705,5.8264],[73.4705,5.8264],[73.4705,5.8264],[73.4705,5.8264],[73.4705,5.8264],[73.4706,5.8264],[73.4706,5.8264],[73.4706,5.8264],[73.4706,5.8264],[73.4706,5.8264],[73.4706,5.8264],[73.4706,5.8263],[73.4706,5.8263],[73.4706,5.8263],[73.4706,5.8263],[73.4706,5.8263],[73.4706,5.8263],[73.4706,5.8263],[73.4706,5.8263],[73.4706,5.8263],[73.4706,5.8262],[73.4706,5.8262],[73.4707,5.8262],[73.4707,5.8262],[73.4707,5.8262],[73.4707,5.8262],[73.4707,5.8262],[73.4707,5.8262],[73.4707,5.8262],[73.4707,5.8262],[73.4707,5.8262],[73.4707,5.8261],[73.4707,5.8261],[73.4708,5.8261],[73.4708,5.8261],[73.4708,5.8261],[73.4708,5.8261],[73.4708,5.8261],[73.4708,5.8261],[73.4708,5.8261],[73.4708,5.8261],[73.4708,5.8261],[73.4709,5.826],[73.4709,5.826],[73.4709,5.8259],[73.4709,5.8259],[73.471,5.8259],[73.471,5.8259],[73.471,5.8259],[73.471,5.8258],[73.471,5.8258],[73.471,5.8258],[73.4711,5.8258],[73.4711,5.8258],[73.4711,5.8258],[73.4711,5.8258],[73.4711,5.8258],[73.4711,5.8257],[73.4711,5.8257],[73.4711,5.8257],[73.4711,5.8257],[73.4711,5.8257],[73.4712,5.8256],[73.4712,5.8256],[73.4713,5.8256],[73.4713,5.8255],[73.4713,5.8255],[73.4713,5.8255],[73.4713,5.8255],[73.4714,5.8254],[73.4715,5.8254],[73.4715,5.8253],[73.4715,5.8253],[73.4716,5.8252],[73.4717,5.8251],[73.4718,5.825],[73.4718,5.8249],[73.472,5.8248],[73.4721,5.8247],[73.4721,5.8247],[73.4721,5.8246],[73.4721,5.8246],[73.4722,5.8245],[73.4723,5.8245],[73.4723,5.8244],[73.4723,5.8244],[73.4723,5.8244],[73.4723,5.8244],[73.4725,5.8242],[73.4725,5.8242],[73.4726,5.8241],[73.4726,5.8241],[73.4727,5.824],[73.4728,5.824],[73.4728,5.824],[73.4728,5.8239],[73.4728,5.8239],[73.4729,5.8239],[73.4729,5.8239],[73.4729,5.8239],[73.473,5.8239],[73.473,5.8239],[73.473,5.8239],[73.473,5.8238],[73.473,5.8238],[73.473,5.8238],[73.4731,5.8238],[73.4731,5.8238],[73.4731,5.8237],[73.4731,5.8237],[73.4731,5.8237],[73.4731,5.8237],[73.4731,5.8237],[73.4731,5.8237],[73.4731,5.8237],[73.4731,5.8236],[73.4732,5.8236],[73.4732,5.8236],[73.4732,5.8236],[73.4732,5.8236],[73.4732,5.8236],[73.4732,5.8236],[73.4732,5.8236],[73.4732,5.8235],[73.4733,5.8235],[73.4734,5.8233],[73.4735,5.8232],[73.4735,5.8232],[73.4735,5.8232],[73.4735,5.8232],[73.4735,5.8232],[73.4734,5.8232],[73.4735,5.8232],[73.4735,5.8232],[73.4735,5.8232],[73.4736,5.8232],[73.4736,5.8232],[73.4736,5.8232],[73.4736,5.8232],[73.4736,5.8232],[73.4736,5.8232],[73.4737,5.8232],[73.4737,5.8232],[73.4737,5.8232],[73.4737,5.8232],[73.4737,5.8232],[73.4737,5.8232],[73.4737,5.8232],[73.4737,5.8232],[73.4738,5.8233],[73.4738,5.8233],[73.4738,5.8233],[73.4738,5.8233],[73.4738,5.8233],[73.4739,5.8233],[73.4739,5.8233],[73.4739,5.8233],[73.4739,5.8233],[73.4739,5.8234],[73.4739,5.8234],[73.4739,5.8234],[73.4739,5.8234],[73.4739,5.8234],[73.4739,5.8234],[73.474,5.8234],[73.474,5.8235],[73.474,5.8235],[73.474,5.8235],[73.474,5.8235],[73.474,5.8235],[73.474,5.8235],[73.474,5.8235],[73.474,5.8235],[73.474,5.8236],[73.474,5.8236],[73.474,5.8236],[73.4741,5.8236],[73.4741,5.8236],[73.4741,5.8236],[73.4741,5.8236],[73.4741,5.8236],[73.4741,5.8236],[73.4741,5.8236],[73.4742,5.8237],[73.4742,5.8237],[73.4742,5.8237],[73.4742,5.8237],[73.4742,5.8237],[73.4742,5.8237],[73.4742,5.8237],[73.4742,5.8237],[73.4743,5.8237],[73.4743,5.8238],[73.4743,5.8238],[73.4743,5.8238],[73.4743,5.8238],[73.4743,5.8238],[73.4743,5.8239],[73.4743,5.8239],[73.4743,5.824],[73.4744,5.824],[73.4744,5.824],[73.4744,5.824],[73.4744,5.824],[73.4744,5.824],[73.4744,5.824],[73.4744,5.8241],[73.4745,5.8241],[73.4745,5.8241],[73.4745,5.8241],[73.4745,5.8241],[73.4745,5.8241],[73.4745,5.8241],[73.4745,5.8241],[73.4745,5.8241],[73.4745,5.8241],[73.4745,5.8242],[73.4745,5.8242],[73.4745,5.8242],[73.4745,5.8242],[73.4745,5.8242],[73.4746,5.8242],[73.4746,5.8242],[73.4746,5.8242],[73.4746,5.8242],[73.4745,5.8242],[73.4745,5.8243],[73.4745,5.8243],[73.4745,5.8243],[73.4745,5.8243],[73.4745,5.8243],[73.4745,5.8244],[73.4745,5.8244],[73.4745,5.8244],[73.4745,5.8244],[73.4746,5.8244],[73.4746,5.8244],[73.4746,5.8244],[73.4746,5.8244],[73.4746,5.8244],[73.4746,5.8244],[73.4747,5.8244],[73.4747,5.8244],[73.4747,5.8244],[73.4747,5.8245],[73.4746,5.8245],[73.4746,5.8245],[73.4746,5.8245],[73.4746,5.8245],[73.4746,5.8245],[73.4746,5.8245],[73.4746,5.8245],[73.4746,5.8246],[73.4746,5.8246],[73.4746,5.8246],[73.4746,5.8246],[73.4746,5.8246],[73.4746,5.8246],[73.4746,5.8246],[73.4746,5.8246],[73.4746,5.8246],[73.4746,5.8246],[73.4746,5.8246],[73.4747,5.8246],[73.4747,5.8246],[73.4747,5.8246],[73.4747,5.8246],[73.4747,5.8246],[73.4747,5.8246],[73.4747,5.8246],[73.4748,5.8247],[73.4748,5.8247],[73.4748,5.8248],[73.4748,5.8248],[73.4748,5.8249],[73.4748,5.8249],[73.4748,5.8249],[73.4748,5.8249],[73.4749,5.8249],[73.4749,5.825],[73.4749,5.825],[73.4749,5.825],[73.4749,5.825],[73.4749,5.825],[73.4749,5.8251],[73.4749,5.8251],[73.4749,5.8251],[73.4749,5.8251],[73.4749,5.8251],[73.4749,5.8251],[73.4749,5.8251],[73.4749,5.8252],[73.4749,5.8252],[73.4749,5.8252],[73.4749,5.8252],[73.4749,5.8252],[73.4749,5.8252],[73.4749,5.8252],[73.4749,5.8252],[73.4749,5.8252],[73.4749,5.8253],[73.4749,5.8253],[73.4749,5.8253],[73.4749,5.8253],[73.4749,5.8253],[73.4749,5.8253],[73.4749,5.8254],[73.4748,5.8254],[73.4748,5.8254],[73.4748,5.8254],[73.4748,5.8254],[73.4748,5.8254],[73.4747,5.8255],[73.4747,5.8255],[73.4747,5.8255],[73.4747,5.8255],[73.4747,5.8255],[73.4747,5.8255],[73.4747,5.8255],[73.4747,5.8255],[73.4746,5.8255],[73.4746,5.8255],[73.4746,5.8255],[73.4746,5.8255],[73.4746,5.8255],[73.4745,5.8255],[73.4745,5.8255],[73.4745,5.8256],[73.4745,5.8256],[73.4745,5.8256],[73.4746,5.8256],[73.4746,5.8256],[73.4746,5.8257],[73.4746,5.8257],[73.4746,5.8257],[73.4746,5.8257],[73.4746,5.8257],[73.4746,5.8258],[73.4746,5.8258],[73.4747,5.8258],[73.4747,5.8258],[73.4747,5.8259],[73.4747,5.8259],[73.4747,5.8259],[73.4747,5.8259],[73.4747,5.826],[73.4747,5.826],[73.4748,5.826],[73.4748,5.826],[73.4748,5.8261],[73.4748,5.8261],[73.4748,5.8261],[73.4748,5.8261],[73.4748,5.8262],[73.4748,5.8262],[73.4748,5.8262],[73.4748,5.8262],[73.4749,5.8262],[73.4749,5.8263],[73.4749,5.8263],[73.4749,5.8263],[73.4749,5.8263],[73.475,5.8263],[73.475,5.8263],[73.475,5.8263],[73.475,5.8263],[73.475,5.8263],[73.475,5.8263],[73.475,5.8263],[73.475,5.8263],[73.4751,5.8263],[73.4751,5.8263],[73.4751,5.8263],[73.4751,5.8263],[73.4751,5.8263],[73.4752,5.8263],[73.4752,5.8263],[73.4752,5.8263],[73.4752,5.8262],[73.4752,5.8262],[73.4752,5.8262],[73.4752,5.8262],[73.4753,5.8262],[73.4753,5.8262],[73.4753,5.8262],[73.4753,5.8262],[73.4753,5.8262],[73.4754,5.8262],[73.4754,5.8262],[73.4754,5.8261],[73.4754,5.8261],[73.4754,5.8261],[73.4755,5.8261],[73.4755,5.8261],[73.4756,5.8261],[73.4756,5.8261],[73.4756,5.8261],[73.4756,5.8261],[73.4756,5.8261],[73.4757,5.8262],[73.4757,5.8262],[73.4757,5.8262],[73.4758,5.8262],[73.4758,5.8262],[73.4758,5.8262],[73.4758,5.8262],[73.4758,5.8262],[73.4759,5.8263],[73.476,5.8264],[73.476,5.8265],[73.4761,5.8265],[73.4761,5.8266],[73.4761,5.8266],[73.4761,5.8267],[73.4762,5.8267],[73.4762,5.8267],[73.4762,5.8267],[73.4762,5.8267],[73.4762,5.8268],[73.4762,5.8268],[73.4762,5.8268],[73.4762,5.8269],[73.4762,5.8269],[73.4762,5.8269],[73.4763,5.827],[73.4763,5.827],[73.4763,5.827],[73.4764,5.8271],[73.4764,5.8272],[73.4765,5.8274],[73.4765,5.8274],[73.4766,5.8275],[73.4766,5.8275],[73.4766,5.8276],[73.4767,5.8277],[73.4767,5.8278],[73.4767,5.8278],[73.4767,5.8278],[73.4767,5.8279],[73.4767,5.8279],[73.4768,5.828],[73.4768,5.828],[73.4768,5.8281],[73.4769,5.8281],[73.4769,5.8282],[73.4769,5.8283],[73.477,5.8283],[73.477,5.8284],[73.4771,5.8285],[73.4771,5.8286],[73.4771,5.8287],[73.4772,5.8288],[73.4772,5.8289],[73.4773,5.829],[73.4773,5.8291],[73.4773,5.8291],[73.4774,5.8293],[73.4774,5.8293],[73.4774,5.8294],[73.4774,5.8294],[73.4774,5.8295],[73.4775,5.8295],[73.4775,5.8296],[73.4775,5.8297],[73.4775,5.8297],[73.4775,5.8298],[73.4775,5.8298],[73.4775,5.8298],[73.4775,5.8299],[73.4776,5.8299],[73.4776,5.83],[73.4776,5.8301],[73.4777,5.8301],[73.4777,5.8303],[73.4777,5.8303],[73.4777,5.8304],[73.4777,5.8304],[73.4777,5.8305],[73.4778,5.8306],[73.4778,5.8309],[73.4778,5.8311],[73.4779,5.8313],[73.4779,5.8315],[73.4779,5.8315],[73.4779,5.8315],[73.4778,5.8316],[73.4779,5.8316],[73.4778,5.8317],[73.4778,5.8317],[73.4778,5.8318],[73.4778,5.8318],[73.4778,5.8319],[73.4778,5.8319],[73.4778,5.8319],[73.4778,5.8319],[73.4777,5.832],[73.4777,5.832],[73.4777,5.832],[73.4777,5.8321],[73.4776,5.8321],[73.4776,5.8321],[73.4775,5.8321],[73.4775,5.8322],[73.4775,5.8322],[73.4775,5.8322],[73.4775,5.8322],[73.4775,5.8322],[73.4775,5.8322],[73.4775,5.8322],[73.4775,5.8322],[73.4774,5.8322],[73.4774,5.8322],[73.4774,5.8322],[73.4775,5.8323],[73.4775,5.8323],[73.4774,5.8323],[73.4774,5.8323],[73.4774,5.8323],[73.4774,5.8324],[73.4774,5.8324],[73.4774,5.8324],[73.4774,5.8324],[73.4774,5.8325],[73.4774,5.8325],[73.4774,5.8326],[73.4773,5.8326],[73.4773,5.8326],[73.4772,5.8327],[73.4771,5.8327],[73.4771,5.8328],[73.4771,5.8328],[73.4771,5.8328],[73.477,5.8328],[73.477,5.8329],[73.477,5.8329],[73.4769,5.8329],[73.4769,5.8329],[73.4769,5.833],[73.477,5.833],[73.477,5.833],[73.4771,5.833],[73.4772,5.8329],[73.4772,5.8329],[73.4772,5.8329],[73.4771,5.8329],[73.4771,5.8328],[73.4771,5.8328],[73.4772,5.8327],[73.4772,5.8327],[73.4773,5.8327],[73.4773,5.8326],[73.4774,5.8326],[73.4774,5.8327],[73.4778,5.8325],[73.4783,5.8336],[73.4785,5.834],[73.4787,5.8345],[73.4782,5.8348],[73.4782,5.8348],[73.4779,5.8349],[73.4773,5.8334],[73.4772,5.8334],[73.4772,5.8334],[73.4772,5.8334],[73.4772,5.8334],[73.4771,5.8334],[73.4771,5.8334],[73.4771,5.8334],[73.4771,5.8335],[73.4774,5.834],[73.4776,5.8346],[73.4778,5.835],[73.4778,5.835],[73.4779,5.835],[73.4779,5.835],[73.4779,5.835],[73.4779,5.835],[73.4779,5.835],[73.4779,5.8349],[73.4779,5.8349],[73.4782,5.8348],[73.4782,5.8348],[73.4782,5.8348],[73.4782,5.8349],[73.4783,5.8349],[73.4783,5.835],[73.4783,5.835],[73.4783,5.8351],[73.4784,5.8352],[73.4784,5.8352],[73.4785,5.8353],[73.4786,5.8353],[73.4786,5.8354],[73.4786,5.8354],[73.4787,5.8354],[73.4788,5.8354],[73.4788,5.8354],[73.4789,5.8355],[73.479,5.8355],[73.479,5.8355],[73.4791,5.8356],[73.4791,5.8356],[73.4792,5.8359],[73.4792,5.8362],[73.4793,5.8365],[73.4793,5.8367],[73.4793,5.837],[73.4794,5.8375],[73.4794,5.8379],[73.4794,5.838],[73.4794,5.8381],[73.4794,5.8383],[73.4794,5.8388],[73.4793,5.8391],[73.4793,5.8391],[73.4793,5.8394],[73.4792,5.8394],[73.4792,5.8395],[73.4792,5.8395],[73.4791,5.8398],[73.479,5.84],[73.4789,5.8401],[73.4789,5.8401],[73.4788,5.8401],[73.4788,5.8401],[73.4787,5.8401],[73.4787,5.8401],[73.4787,5.8402],[73.4787,5.8402],[73.4787,5.8402],[73.4787,5.8402],[73.4787,5.8403]]]},"properties":{"islandName":"Maafaru","atoll":"Noonu","capital":"N","Area_ha":133.869772109,"slug":"maafaru"}}]}
